site_name,latitude,longitude,date,air_temp,wind,salinity,diss_o2,transect,depth,toc,sc_density,longitude2
Punta Herradura,28.9464,113.47827,16-Oct-14,24.7,1,34.5,12.1,1,2.8,28,0,-113.47827
Punta Herradura,28.9464,113.47827,16-Oct-14,24.7,1,34.5,12.1,2,2.8,28,0,-113.47827
Punta Herradura,28.9464,113.47827,16-Oct-14,24.7,1,34.5,12.1,3,5.4,30,0,-113.47827
Punta Herradura,28.9464,113.47827,16-Oct-14,24.7,1,34.5,12.1,4,5.4,30,0,-113.47827
Punta Herradura,28.9464,113.47827,16-Oct-14,24.7,1,34.5,12.1,5,5,27,0,-113.47827
Punta Herradura,28.9464,113.47827,16-Oct-14,24.7,1,34.5,12.1,6,5,27,0,-113.47827
Gemelos 2 Sur,28.95553,113.47569,16-Oct-14,28,,35.7,11.9,1,18,29,0,-113.47569
Gemelos 2 Sur,28.95553,113.47569,16-Oct-14,28,,35.7,11.9,2,18.5,27,0,-113.47569
Gemelos 2 Sur,28.95553,113.47569,16-Oct-14,28,,35.7,11.9,3,13.4,27,0,-113.47569
Gemelos 2 Sur,28.95553,113.47569,16-Oct-14,28,,35.7,11.9,4,14.4,27,0,-113.47569
Gemelos 2 Sur,28.95553,113.47569,16-Oct-14,28,,35.7,11.9,5,5.4,27,0,-113.47569
Gemelos 2 Sur,28.95553,113.47569,16-Oct-14,28,,35.7,11.9,6,5.6,27,0.06,-113.47569
Gemelos 1 Norte,28.95568,113.4828,16-Oct-14,28,,35.7,11.9,1,18,28,0.02,-113.4828
Gemelos 1 Norte,28.95568,113.4828,16-Oct-14,28,,35.7,11.9,2,18,27,0.02,-113.4828
Gemelos 1 Norte,28.95568,113.4828,16-Oct-14,28,,35.7,11.9,3,13.5,27,0,-113.4828
Gemelos 1 Norte,28.95568,113.4828,16-Oct-14,28,,35.7,11.9,4,12,27,0,-113.4828
Gemelos 1 Norte,28.95568,113.4828,16-Oct-14,28,,35.7,11.9,5,6.6,27,0,-113.4828
Gemelos 1 Norte,28.95568,113.4828,16-Oct-14,28,,35.7,11.9,6,5.2,27,0,-113.4828
Mitlán,29.06558,113.51867,17-Oct-14,27.8,2.6,35.7,10.2,2,,27,0.04,-113.51867
Mitlán,29.06558,113.51867,17-Oct-14,27.8,2.6,35.7,10.2,3,14.3,27,0,-113.51867
Mitlán,29.06558,113.51867,17-Oct-14,27.8,2.6,35.7,10.2,4,14,27,0.02,-113.51867
Mitlán,29.06558,113.51867,17-Oct-14,27.8,2.6,35.7,10.2,5,,27,0,-113.51867
Mitlán,29.06558,113.51867,17-Oct-14,27.8,2.6,35.7,10.2,6,,,0,-113.51867
Mitlán,29.06563,113.51854,17-Oct-14,27.8,2.6,35.7,10.2,1,,26.7,0.04,-113.51854
Polilla Medio,29.07707,113.5206,17-Oct-14,26.9,6.9,35.7,10.8,1,,,0.06,-113.5206
Polilla Medio,29.07707,113.5206,17-Oct-14,26.9,6.9,35.7,10.8,2,20.2,27,0,-113.5206
Polilla Medio,29.07707,113.5206,17-Oct-14,26.9,6.9,35.7,10.8,3,14.3,27,0.02,-113.5206
Polilla Medio,29.07707,113.5206,17-Oct-14,26.9,6.9,35.7,10.8,4,16.2,27,0.02,-113.5206
Polilla Medio,29.07707,113.5206,17-Oct-14,26.9,6.9,35.7,10.8,5,6.4,27,0.02,-113.5206
Polilla Medio,29.07707,113.5206,17-Oct-14,26.9,6.9,35.7,10.8,6,,,0,-113.5206
Polilla Norte,29.08983,113.52647,17-Oct-14,32.4,1,35.6,11.2,1,,,0.04,-113.52647
Polilla Norte,29.08983,113.52647,17-Oct-14,32.4,1,35.6,11.2,2,19.7,27,0.02,-113.52647
Polilla Norte,29.08983,113.52647,17-Oct-14,32.4,1,35.6,11.2,3,14.5,27,0.02,-113.52647
Polilla Norte,29.08983,113.52647,17-Oct-14,32.4,1,35.6,11.2,4,,,0,-113.52647
Polilla Norte,29.08983,113.52647,17-Oct-14,32.4,1,35.6,11.2,5,,,0,-113.52647
Polilla Norte,29.08983,113.52647,17-Oct-14,32.4,1,35.6,11.2,6,,,0,-113.52647
Gemelos 2 Sur,28.95527,113.47626,19-Oct-14,25.9,6.1,35.2,11.4,1,22.4,27.2,0.04,-113.47626
Gemelos 2 Sur,28.95527,113.47626,19-Oct-14,25.9,6.1,35.2,11.4,2,22.4,27.2,0.06,-113.47626
Gemelos 1 Norte,28.95537,113.48229,19-Oct-14,28.2,4.2,35.5,11.8,2,2.3,26.9,0.04,-113.48229
Gemelos 1 Norte,28.95537,113.48229,19-Oct-14,28.2,4.2,35.5,11.8,3,2.3,26.9,0.04,-113.48229
Gemelos 1 Norte,28.95543,113.48225,19-Oct-14,28.2,4.2,35.5,11.8,1,2.3,26.9,0.02,-113.48225
Cabeza de Caballo Norte,28.96806,113.47516,19-Oct-14,26.3,1,35.6,11.3,2,17.2,27,0,-113.47516
Cabeza de Caballo Norte,28.96806,113.47516,19-Oct-14,26.3,1,35.6,11.3,3,12.7,27,0.04,-113.47516
Cabeza de Caballo Norte,28.96806,113.47516,19-Oct-14,26.3,1,35.6,11.3,4,12.2,27,0,-113.47516
Cabeza de Caballo Norte,28.96806,113.47516,19-Oct-14,26.3,1,35.6,11.3,5,5.1,27,0,-113.47516
Cabeza de Caballo Norte,28.96806,113.47516,19-Oct-14,26.3,1,35.6,11.3,6,5.6,27,0,-113.47516
Cabeza de Caballo Norte,28.96835,113.475,19-Oct-14,26.3,1,35.6,11.3,1,18.5,27,0.04,-113.475
Ventana Norte,28.99254,113.50723,19-Oct-14,25.7,1.2,35.7,11.1,1,10.6,27,0,-113.50723
Ventana Norte,28.99261,113.50748,19-Oct-14,25.7,1.2,35.7,11.1,2,10.7,27,0,-113.50748
Ventana Norte,28.99261,113.50748,19-Oct-14,25.7,1.2,35.7,11.1,3,9.3,27,0,-113.50748
Ventana Norte,28.99261,113.50748,19-Oct-14,25.7,1.2,35.7,11.1,4,5.5,27,0,-113.50748
Ventana Norte,28.99261,113.50748,19-Oct-14,25.7,1.2,35.7,11.1,5,5,27,0,-113.50748
Ventana Norte,28.99261,113.50748,19-Oct-14,25.7,1.2,35.7,11.1,6,5.5,27,0.02,-113.50748
Razito Sur,29.01467,113.50617,19-Oct-14,24.7,5,35.6,10.9,1,14.6,26,0.02,-113.50617
Razito Sur,29.01511,113.5071,19-Oct-14,24.7,5,35.6,10.9,2,14.7,27,0,-113.5071
Razito Sur,29.01511,113.5071,19-Oct-14,24.7,5,35.6,10.9,3,14,27,0,-113.5071
Razito Sur,29.01511,113.5071,19-Oct-14,24.7,5,35.6,10.9,4,8.2,27,0,-113.5071
Razito Sur,29.01511,113.5071,19-Oct-14,24.7,5,35.6,10.9,5,9.5,27,0,-113.5071
Razito Sur,29.01511,113.5071,19-Oct-14,24.7,5,35.6,10.9,6,7.6,27,0,-113.5071
Tijereta Sur,29.03736,113.49043,20-Oct-14,34.3,0.9,35.7,11.4,1,5.6,28,0,-113.49043
Tijereta Norte,29.03934,113.49133,20-Oct-14,34.3,0.9,35.7,11.4,2,6.1,28,0,-113.49133
Tijereta Norte,29.03934,113.49133,20-Oct-14,34.3,0.9,35.7,11.4,3,5.2,28,0,-113.49133
Tijereta Norte,29.03934,113.49133,20-Oct-14,34.3,0.9,35.7,11.4,4,4,28,0.02,-113.49133
Tijereta Norte,29.03934,113.49133,20-Oct-14,34.3,0.9,35.7,11.4,5,3.3,28,0,-113.49133
Tijereta Norte,29.03934,113.49133,20-Oct-14,34.3,0.9,35.7,11.4,6,3.8,28,0,-113.49133
Ramita Norte,29.09339,113.50449,20-Oct-14,31.6,1.1,35.8,10.03,2,19.2,26,0,-113.50449
Ramita Norte,29.09339,113.50449,20-Oct-14,31.6,1.1,35.8,10.03,3,10.3,26,0,-113.50449
Ramita Norte,29.09339,113.50449,20-Oct-14,31.6,1.1,35.8,10.03,4,9.8,27,0,-113.50449
Ramita Norte,29.09339,113.50449,20-Oct-14,31.6,1.1,35.8,10.03,5,4.9,27,0,-113.50449
Ramita Norte,29.09339,113.50449,20-Oct-14,31.6,1.1,35.8,10.03,6,5.5,27,0,-113.50449
Ramita Norte,29.09372,113.50497,20-Oct-14,31.6,1.1,35.8,10.03,1,18.6,27,0.02,-113.50497
Coronadito Norte,29.09616,113.52998,20-Oct-14,23.3,0,35.8,10.55,2,19.2,26,0.02,-113.52998
Coronadito Norte,29.09616,113.52998,20-Oct-14,23.3,0,35.8,10.55,3,12.2,26,0.02,-113.52998
Coronadito Norte,29.09616,113.52998,20-Oct-14,23.3,0,35.8,10.55,4,13.4,26,0.04,-113.52998
Coronadito Norte,29.09616,113.52998,20-Oct-14,23.3,0,35.8,10.55,5,5.5,26,0,-113.52998
Coronadito Norte,29.09616,113.52998,20-Oct-14,23.3,0,35.8,10.55,6,6.6,26,0.02,-113.52998
Coronadito Norte,29.09623,113.5299,20-Oct-14,23.3,0,35.8,10.55,1,19.9,26,0.04,-113.5299
Soldado Sur,28.814917,113.349417,11-Nov-14,21.1,1.9,33.9,10.6,1,15,23,0.02,-113.349417
Soldado Sur,28.814917,113.349417,11-Nov-14,21.1,1.9,33.9,,2,15,23,0.04,-113.349417
Soldado Sur,28.814917,113.349417,11-Nov-14,21.1,1.9,33.9,,3,10,23,0.02,-113.349417
Soldado Sur,28.814917,113.349417,11-Nov-14,21.1,1.9,33.9,,4,10,23,0.04,-113.349417
Soldado Sur,28.814917,113.349417,11-Nov-14,21.1,1.9,33.9,,5,5,23,0.02,-113.349417
Soldado Sur,28.814917,113.349417,11-Nov-14,21.1,1.9,33.9,,6,5,23,0.02,-113.349417
Alacrán,28.90668333,113.3716333,11-Nov-14,25.9,6.1,35.1,6.93,1,6.5,23,0,-113.3716333
Alacrán,28.90668333,113.3716333,11-Nov-14,25.9,6.1,35.3,6.87,2,6.5,23,0,-113.3716333
Alacrán,28.90668333,113.3716333,11-Nov-14,25.9,6.1,35.3,6.87,3,6.5,23,0,-113.3716333
Alacrán,28.90668333,113.3716333,11-Nov-14,25.9,6.1,35.3,6.87,4,6.5,23,0,-113.3716333
Alacrán,28.90668333,113.3716333,11-Nov-14,25.9,6.1,35.3,6.87,5,6.5,23,0,-113.3716333
Alacrán,28.90668333,113.3716333,11-Nov-14,25.9,6.1,35.3,6.87,6,6.5,23,0.04,-113.3716333
Quemado Sur,28.93361667,113.42315,11-Nov-14,25.9,6.1,35.2,6.42,1,19.6,24,0.04,-113.42315
Quemado Sur,28.93361667,113.42315,11-Nov-14,25.9,6.1,35.2,6.42,2,13,24,0.04,-113.42315
Quemado Sur,28.93361667,113.42315,11-Nov-14,25.9,6.1,35.2,6.42,3,18,24,0.04,-113.42315
Quemado Sur,28.93361667,113.42315,11-Nov-14,25.9,6.1,35.2,6.42,4,13,24,0.02,-113.42315
Quemado Sur,28.93361667,113.42315,11-Nov-14,25.9,6.1,35.2,6.42,5,8,24,0.04,-113.42315
Quemado Sur,28.93361667,113.42315,11-Nov-14,25.9,6.1,35.2,6.42,6,4.8,24,0.04,-113.42315
Pescador,28.94048333,113.3880333,11-Nov-14,25.9,6.1,35.8,6.63,1,9,23,0.02,-113.3880333
Pescador,28.94048333,113.3880333,11-Nov-14,25.9,6.1,35.8,5.57,2,9,23,0,-113.3880333
Pescador,28.94048333,113.3880333,11-Nov-14,25.9,6.1,35.8,5.57,3,9,23,0,-113.3880333
Pescador,28.94048333,113.3880333,11-Nov-14,25.9,6.1,35.8,5.57,4,10,23,0.02,-113.3880333
Pescador,28.94048333,113.3880333,11-Nov-14,25.9,6.1,35.8,5.57,5,6,26,0,-113.3880333
Pescador,28.94048333,113.3880333,11-Nov-14,25.9,6.1,35.8,5.57,6,5,23,0.02,-113.3880333
Ánimas Norte,28.950528,113.560167,11-Nov-14,21.2,1.2,34.1,11.2,1,15,23,0.02,-113.560167
Ánimas Norte,28.950528,113.560167,11-Nov-14,21.2,1.2,34.1,,2,15,23,0.02,-113.560167
Ánimas Norte,28.950528,113.560167,11-Nov-14,21.2,1.2,34.1,,3,10,23,0.02,-113.560167
Ánimas Norte,28.950528,113.560167,11-Nov-14,21.2,1.2,34.1,,4,10,23,0,-113.560167
Ánimas Norte,28.950528,113.560167,11-Nov-14,21.2,1.2,34.1,,5,5,23,0.02,-113.560167
Ánimas Norte,28.950528,113.560167,11-Nov-14,21.2,1.2,34.1,,6,5,23,0,-113.560167
Ánimas Sur,29.03734,113.49133,11-Nov-14,19.6,2,34.1,9.6,1,8,23,0.04,-113.49133
Ánimas Sur,29.03734,113.49133,11-Nov-14,19.6,2,34.1,9.6,2,8,23,0.02,-113.49133
Ánimas Sur,29.03734,113.49133,11-Nov-14,19.6,2,34.1,9.6,3,8,23,0,-113.49133
Ánimas Sur,29.03734,113.49133,11-Nov-14,19.6,2,34.1,9.6,4,8,23,0,-113.49133
Ánimas Sur,29.03734,113.49133,11-Nov-14,19.6,2,34.1,9.6,5,5,23,0.02,-113.49133
Ánimas Sur,29.03734,113.49133,11-Nov-14,19.6,2,34.1,9.6,6,5,23,0,-113.49133
Vaquilla,28.87315,113.35728,12-Nov-14,19.2,11.7,33.9,,1,10,23,0.04,-113.35728
Vaquilla,28.87315,113.35728,12-Nov-14,19.2,11.7,33.9,,2,9.3,23,0.04,-113.35728
Vaquilla,28.87315,113.35728,12-Nov-14,19.2,11.7,33.9,,3,8,23,0,-113.35728
Vaquilla,28.87315,113.35728,12-Nov-14,19.2,11.7,33.9,,4,5,23,0.02,-113.35728
Vaquilla,28.87315,113.35728,12-Nov-14,19.2,11.7,33.9,,5,5,23,0,-113.35728
Vaquilla,28.87315,113.35728,12-Nov-14,19.2,11.7,33.9,,6,5,23,0,-113.35728
La Gringa,29.06131667,113.53945,12-Nov-14,21.1,1.9,34.9,6.37,2,9.4,22,0.04,-113.53945
La Gringa,29.06131667,113.53945,12-Nov-14,21.1,1.9,34.9,6.37,3,9.2,22,0,-113.53945
La Gringa,29.06131667,113.53945,12-Nov-14,21.1,1.9,34.9,6.37,4,5.1,22,0,-113.53945
La Gringa,29.06131667,113.53945,12-Nov-14,21.1,1.9,34.9,6.37,5,5.3,22,0.02,-113.53945
La Gringa,29.06131667,113.53945,12-Nov-14,21.1,1.9,34.9,6.37,6,5.1,22,0,-113.53945
Paredes,29.07351,113.55116,12-Nov-14,23.6,,34.1,9.9,1,10,23,0.02,-113.55116
Paredes,29.07351,113.55116,12-Nov-14,23.6,,34.1,,2,10,23,0,-113.55116
Paredes,29.07351,113.55116,12-Nov-14,23.6,,34.1,,3,10,23,0.04,-113.55116
Paredes,29.07351,113.55116,12-Nov-14,23.6,,34.1,,4,8,23,0,-113.55116
Paredes,29.07351,113.55116,12-Nov-14,23.6,,34.1,,5,5,23,0.02,-113.55116
Paredes,29.07351,113.55116,12-Nov-14,23.6,,34.1,,6,5,23,0,-113.55116
Cardón Sur,29.10244,113.56598,12-Nov-14,23.1,21.6,33.9,9.6,1,15,22,0.117647059,-113.56598
Cardón Sur,29.10244,113.56598,12-Nov-14,23.1,21.6,33.9,,2,15,23,0.019230769,-113.56598
Cardón Sur,29.10244,113.56598,12-Nov-14,23.1,21.6,33.9,9.6,3,10,22,0.054545455,-113.56598
Cardón Sur,29.10244,113.56598,12-Nov-14,23.1,21.6,33.9,9.6,4,10,22,0.035087719,-113.56598
Cardón Sur,29.10244,113.56598,12-Nov-14,23.1,21.6,33.9,,5,5,23,0.034482759,-113.56598
Cardón Sur,29.10244,113.56598,12-Nov-14,23.1,21.6,33.9,9.6,6,5,22,0.032786885,-113.56598
Prieto,29.19238333,113.53945,12-Nov-14,21.1,1.9,35.7,6.02,1,16,22,0.06,-113.53945
Prieto,29.19238333,113.53945,12-Nov-14,21.1,1.9,35.7,6.02,2,16,22,0.06,-113.53945
Prieto,29.19238333,113.53945,12-Nov-14,21.1,1.9,35.7,6.02,3,16,22,0.06,-113.53945
Prieto,29.19238333,113.53945,12-Nov-14,21.1,1.9,35.7,6.02,4,7.6,22,0.02,-113.53945
Prieto,29.19238333,113.53945,12-Nov-14,21.1,1.9,35.7,6.02,5,7.6,22,0.02,-113.53945
Prieto,29.19238333,113.53945,12-Nov-14,21.1,1.9,35.7,6.02,6,7.6,22,0,-113.53945
Cantiles Sur,29.1183,113.27754,15-Nov-14,21.4,1.6,34.1,6.2,1,14,23,0,-113.27754
Cantiles Sur,29.1183,113.27754,15-Nov-14,21.4,1.6,34.1,,2,14,23,0,-113.27754
Cantiles Sur,29.1183,113.27754,15-Nov-14,21.4,1.6,34.1,,3,10,23,0,-113.27754
Cantiles Sur,29.1183,113.27754,15-Nov-14,21.4,1.6,34.1,,4,10,23,0,-113.27754
Cantiles Sur,29.1183,113.27754,15-Nov-14,21.4,1.6,34.1,,5,5,23,0.06,-113.27754
Cantiles Sur,29.1183,113.27754,15-Nov-14,21.4,1.6,34.1,,6,5,23,0.08,-113.27754
Cantiles Norte,29.11842,113.27734,15-Nov-14,22.4,,34.1,,1,6,23,0.04,-113.27734
Cantiles Norte,29.11842,113.27734,15-Nov-14,22.4,,34.1,,2,6,23,0.06,-113.27734
Cantiles Norte,29.11842,113.27734,15-Nov-14,22.4,,34.1,,3,5,23,0,-113.27734
Cantiles Norte,29.11842,113.27734,15-Nov-14,22.4,,34.1,,4,5,23,0.02,-113.27734
Cantiles Norte,29.11842,113.27734,15-Nov-14,22.4,,34.1,,5,3,23,0,-113.27734
Cantiles Norte,29.11842,113.27734,15-Nov-14,22.4,,34.1,,6,3,23,0,-113.27734
Statón,29.1567,113.32343,15-Nov-14,22,1.4,34.2,7.3,1,15,23,0.02,-113.32343
Statón,29.1567,113.32343,15-Nov-14,22,1.4,34.2,,2,15,23,0.02,-113.32343
Statón,29.1567,113.32343,15-Nov-14,22,1.4,34.2,,3,10,23,0,-113.32343
Statón,29.1567,113.32343,15-Nov-14,22,1.4,34.2,,4,10,23,0.02,-113.32343
Statón,29.1567,113.32343,15-Nov-14,22,1.4,34.2,,5,5,23,0,-113.32343
Statón,29.1567,113.32343,15-Nov-14,22,1.4,34.2,,6,5,23,0,-113.32343
Ventanita,29.17218333,113.355,15-Nov-14,,,35.8,6.42,1,14.2,23,0,-113.355
Ventanita,29.17218333,113.355,15-Nov-14,,,35.3,6.34,2,13.8,23,0.04,-113.355
Ventanita,29.17218333,113.355,15-Nov-14,,,35.3,6.34,3,14.2,23,0.02,-113.355
Ventanita,29.17218333,113.355,15-Nov-14,,,35.3,6.34,4,8.5,24,0.14,-113.355
Ventanita,29.17218333,113.355,15-Nov-14,,,35.3,6.34,5,8.2,24,0.04,-113.355
Ventanita,29.17218333,113.355,15-Nov-14,,,35.3,6.34,6,8.5,24,0.14,-113.355
Mancha Blanca,29.2036,113.3961333,15-Nov-14,,,35.2,6.55,1,15.6,23,0,-113.3961333
Mancha Blanca,29.2036,113.3961333,15-Nov-14,,,35.8,6.63,2,15.2,23,0.02,-113.3961333
Mancha Blanca,29.2036,113.3961333,15-Nov-14,,,35.8,6.63,3,15.6,23,0,-113.3961333
Mancha Blanca,29.2036,113.3961333,15-Nov-14,,,35.8,6.63,4,7.9,23,0.1,-113.3961333
Mancha Blanca,29.2036,113.3961333,15-Nov-14,,,35.8,6.63,5,8.2,23,0.08,-113.3961333
Mancha Blanca,29.2036,113.3961333,15-Nov-14,,,35.8,6.63,6,7.9,23,0.04,-113.3961333
Los Machos,29.24253333,113.43025,15-Nov-14,,,35.5,5.66,1,15.5,23,0.02,-113.43025
Los Machos,29.24253333,113.43025,15-Nov-14,,,35.5,6.4,2,15.3,23,0.06,-113.43025
Los Machos,29.24253333,113.43025,15-Nov-14,,,35.5,6.4,3,15.5,23,0.06,-113.43025
Los Machos,29.24253333,113.43025,15-Nov-14,,,35.5,6.4,4,7.9,24,0.06,-113.43025
Los Machos,29.24253333,113.43025,15-Nov-14,,,35.5,6.4,5,8.2,24,0.06,-113.43025
Los Machos,29.24253333,113.43025,15-Nov-14,,,35.5,6.4,6,7.9,24,0.02,-113.43025
San Lorenzo 3,28.6439,112.86176,11-Dec-14,,,34,6.25,1,13.6,20,0,-112.86176
San Lorenzo 3,28.6439,112.86176,11-Dec-14,,,34,6.25,2,15,20,0,-112.86176
San Lorenzo 3,28.6439,112.86176,11-Dec-14,,,34,6.25,3,13.6,20,0,-112.86176
San Lorenzo 3,28.6439,112.86176,11-Dec-14,,,34,6.25,4,8.4,21,0,-112.86176
San Lorenzo 3,28.6439,112.86176,11-Dec-14,,,34,6.25,5,8.5,21,0.02,-112.86176
San Lorenzo 3,28.6439,112.86176,11-Dec-14,,,34,6.25,6,8.4,21,0.02,-112.86176
San Lorenzo 2,28.64523,112.86768,11-Dec-14,,,34,6.42,1,20.3,20,0.08,-112.86768
San Lorenzo 2,28.64523,112.86768,11-Dec-14,,,34,6.42,2,22.1,20,0.04,-112.86768
San Lorenzo 2,28.64523,112.86768,11-Dec-14,,,34,6.42,3,13.6,20,0.1,-112.86768
San Lorenzo 2,28.64523,112.86768,11-Dec-14,,,34,6.42,4,13.8,20,0.06,-112.86768
San Lorenzo 2,28.64523,112.86768,11-Dec-14,,,34,6.42,5,6.8,20,0.02,-112.86768
San Lorenzo 2,28.64523,112.86768,11-Dec-14,,,34,6.42,6,7.2,20,0,-112.86768
San Lorenzo 1,28.67385,112.8898,11-Dec-14,,,31.7,7.71,1,14.8,20,0,-112.8898
San Lorenzo 1,28.67385,112.8898,11-Dec-14,,,31.7,7.71,2,14.8,20,0.02,-112.8898
San Lorenzo 1,28.67385,112.8898,11-Dec-14,,,31.7,7.71,3,14.8,20,0,-112.8898
San Lorenzo 1,28.67385,112.8898,11-Dec-14,,,31.7,7.71,4,7.4,20,0,-112.8898
San Lorenzo 1,28.67385,112.8898,11-Dec-14,,,31.7,7.71,5,8.2,20,0.02,-112.8898
San Lorenzo 1,28.67385,112.8898,11-Dec-14,,,31.7,7.71,6,7.4,20,0.02,-112.8898
San Lorenzo 3,28.6439,112.86176,11-Dec-14,,,34,6.25,1,13.6,20,0,-112.86176
San Lorenzo 3,28.6439,112.86176,11-Dec-14,,,34,6.25,2,15,20,0,-112.86176
San Lorenzo 3,28.6439,112.86176,11-Dec-14,,,34,6.25,3,13.6,20,0,-112.86176
San Lorenzo 3,28.6439,112.86176,11-Dec-14,,,34,6.25,4,8.4,21,0,-112.86176
San Lorenzo 3,28.6439,112.86176,11-Dec-14,,,34,6.25,5,8.5,21,0.02,-112.86176
San Lorenzo 3,28.6439,112.86176,11-Dec-14,,,34,6.25,6,8.4,21,0.02,-112.86176
San Lorenzo 2,28.64523,112.86768,11-Dec-14,,,34,6.42,1,20.3,20,0.08,-112.86768
San Lorenzo 2,28.64523,112.86768,11-Dec-14,,,34,6.42,2,22.1,20,0.04,-112.86768
San Lorenzo 2,28.64523,112.86768,11-Dec-14,,,34,6.42,3,13.6,20,0.1,-112.86768
San Lorenzo 2,28.64523,112.86768,11-Dec-14,,,34,6.42,4,13.8,20,0.06,-112.86768
San Lorenzo 2,28.64523,112.86768,11-Dec-14,,,34,6.42,5,6.8,20,0.02,-112.86768
San Lorenzo 2,28.64523,112.86768,11-Dec-14,,,34,6.42,6,7.2,20,0,-112.86768
San Lorenzo 1,28.67385,112.8898,11-Dec-14,,,31.7,7.71,1,14.8,20,0,-112.8898
San Lorenzo 1,28.67385,112.8898,11-Dec-14,,,31.7,7.71,2,14.8,20,0.02,-112.8898
San Lorenzo 1,28.67385,112.8898,11-Dec-14,,,31.7,7.71,3,14.8,20,0,-112.8898
San Lorenzo 1,28.67385,112.8898,11-Dec-14,,,31.7,7.71,4,7.4,20,0,-112.8898
San Lorenzo 1,28.67385,112.8898,11-Dec-14,,,31.7,7.71,5,8.2,20,0.02,-112.8898
San Lorenzo 1,28.67385,112.8898,11-Dec-14,,,31.7,7.71,6,7.4,20,0.02,-112.8898
San Francisquito 6,28.43316,112.86488,12-Dec-14,22.7,2.4,32.6,7.05,1,10,21,0,-112.86488
San Francisquito 6,28.43316,112.86488,12-Dec-14,22.7,2.4,32.6,7.05,2,11.8,19,0.02,-112.86488
San Francisquito 6,28.43316,112.86488,12-Dec-14,22.7,2.4,32.6,7.05,3,11.8,19,0.04,-112.86488
San Francisquito 6,28.43316,112.86488,12-Dec-14,22.7,2.4,32.6,7.05,4,5.7,19,0.02,-112.86488
San Francisquito 6,28.43316,112.86488,12-Dec-14,22.7,2.4,32.6,7.05,5,5.2,19,0,-112.86488
San Francisquito 6,28.43316,112.86488,12-Dec-14,22.7,2.4,32.6,7.05,6,5.7,19,0.04,-112.86488
San Francisquito 5,28.43855,112.84586,12-Dec-14,20.1,2.7,32.4,6.91,1,12.1,20,0.04,-112.84586
San Francisquito 5,28.43855,112.84586,12-Dec-14,20.1,2.7,32.4,6.91,2,13.5,20,0.02,-112.84586
San Francisquito 5,28.43855,112.84586,12-Dec-14,20.1,2.7,32.4,6.91,3,12.1,20,0,-112.84586
San Francisquito 5,28.43855,112.84586,12-Dec-14,20.1,2.7,32.4,6.91,4,7.2,20,0,-112.84586
San Francisquito 5,28.43855,112.84586,12-Dec-14,20.1,2.7,32.4,6.91,5,6.5,20,0,-112.84586
San Francisquito 5,28.43855,112.84586,12-Dec-14,20.1,2.7,32.4,6.91,6,7.2,20,0,-112.84586
San Francisquito 4,28.43884,112.86009,12-Dec-14,20.5,1.2,38.2,6.89,1,20.9,20,0,-112.86009
San Francisquito 4,28.43884,112.86009,12-Dec-14,20.5,1.2,38.2,6.89,2,21.5,20,0,-112.86009
San Francisquito 4,28.43884,112.86009,12-Dec-14,20.5,1.2,38.2,6.89,3,14.3,20,0.02,-112.86009
San Francisquito 4,28.43884,112.86009,12-Dec-14,20.5,1.2,38.2,6.89,4,14.6,20,0,-112.86009
San Francisquito 4,28.43884,112.86009,12-Dec-14,20.5,1.2,38.2,6.89,5,7.7,20,0.02,-112.86009
San Francisquito 4,28.43884,112.86009,12-Dec-14,20.5,1.2,38.2,6.89,6,8,20,0,-112.86009
San Francisquito 6,28.43316,112.86488,12-Dec-14,22.7,2.4,32.6,7.05,1,10,21,0,-112.86488
San Francisquito 6,28.43316,112.86488,12-Dec-14,22.7,2.4,32.6,7.05,2,11.8,19,0.02,-112.86488
San Francisquito 6,28.43316,112.86488,12-Dec-14,22.7,2.4,32.6,7.05,3,11.8,19,0.04,-112.86488
San Francisquito 6,28.43316,112.86488,12-Dec-14,22.7,2.4,32.6,7.05,4,5.7,19,0.02,-112.86488
San Francisquito 6,28.43316,112.86488,12-Dec-14,22.7,2.4,32.6,7.05,5,5.2,19,0,-112.86488
San Francisquito 6,28.43316,112.86488,12-Dec-14,22.7,2.4,32.6,7.05,6,5.7,19,0.04,-112.86488
San Francisquito 5,28.43855,112.84586,12-Dec-14,20.1,2.7,32.4,6.91,1,12.1,20,0.04,-112.84586
San Francisquito 5,28.43855,112.84586,12-Dec-14,20.1,2.7,32.4,6.91,2,13.5,20,0.02,-112.84586
San Francisquito 5,28.43855,112.84586,12-Dec-14,20.1,2.7,32.4,6.91,3,12.1,20,0,-112.84586
San Francisquito 5,28.43855,112.84586,12-Dec-14,20.1,2.7,32.4,6.91,4,7.2,20,0,-112.84586
San Francisquito 5,28.43855,112.84586,12-Dec-14,20.1,2.7,32.4,6.91,5,6.5,20,0,-112.84586
San Francisquito 5,28.43855,112.84586,12-Dec-14,20.1,2.7,32.4,6.91,6,7.2,20,0,-112.84586
San Francisquito 4,28.43884,112.86009,12-Dec-14,20.5,1.2,38.2,6.89,1,20.9,20,0,-112.86009
San Francisquito 4,28.43884,112.86009,12-Dec-14,20.5,1.2,38.2,6.89,2,21.5,20,0,-112.86009
San Francisquito 4,28.43884,112.86009,12-Dec-14,20.5,1.2,38.2,6.89,3,14.3,20,0.02,-112.86009
San Francisquito 4,28.43884,112.86009,12-Dec-14,20.5,1.2,38.2,6.89,4,14.6,20,0,-112.86009
San Francisquito 4,28.43884,112.86009,12-Dec-14,20.5,1.2,38.2,6.89,5,7.7,20,0.02,-112.86009
San Francisquito 4,28.43884,112.86009,12-Dec-14,20.5,1.2,38.2,6.89,6,8,20,0,-112.86009
Barril 2,28.29811,112.86514,13-Dec-14,21.2,2.8,34.5,7.8,1,12.3,21,0,-112.86514
Barril 2,28.29811,112.86514,13-Dec-14,21.2,2.8,34.5,7.8,2,11.6,21,0,-112.86514
Barril 2,28.29811,112.86514,13-Dec-14,21.2,2.8,34.5,7.8,3,12.3,21,0,-112.86514
Barril 1,28.36875,112.85321,13-Dec-14,20.6,8.9,32.2,7.81,1,10.5,21,0,-112.85321
Barril 1,28.36875,112.85321,13-Dec-14,20.6,8.9,32.2,7.81,2,11.6,20,0,-112.85321
Barril 1,28.36875,112.85321,13-Dec-14,20.6,8.9,32.2,7.81,3,10.5,21,0.02,-112.85321
Barril 1,28.36875,112.85321,13-Dec-14,20.6,8.9,32.2,7.81,4,5.3,21,0,-112.85321
Barril 1,28.36875,112.85321,13-Dec-14,20.6,8.9,32.2,7.81,5,5.6,21,0,-112.85321
Barril 1,28.36875,112.85321,13-Dec-14,20.6,8.9,32.2,7.81,6,5.3,21,0,-112.85321
Barril 2,28.29811,112.86514,13-Dec-14,21.2,2.8,34.5,7.8,1,12.3,21,0,-112.86514
Barril 2,28.29811,112.86514,13-Dec-14,21.2,2.8,34.5,7.8,2,11.6,21,0,-112.86514
Barril 2,28.29811,112.86514,13-Dec-14,21.2,2.8,34.5,7.8,3,12.3,21,0,-112.86514
Barril 1,28.36875,112.85321,13-Dec-14,20.6,8.9,32.2,7.81,1,10.5,21,0,-112.85321
Barril 1,28.36875,112.85321,13-Dec-14,20.6,8.9,32.2,7.81,2,11.6,20,0,-112.85321
Barril 1,28.36875,112.85321,13-Dec-14,20.6,8.9,32.2,7.81,3,10.5,21,0.02,-112.85321
Barril 1,28.36875,112.85321,13-Dec-14,20.6,8.9,32.2,7.81,4,5.3,21,0,-112.85321
Barril 1,28.36875,112.85321,13-Dec-14,20.6,8.9,32.2,7.81,5,5.6,21,0,-112.85321
Barril 1,28.36875,112.85321,13-Dec-14,20.6,8.9,32.2,7.81,6,5.3,21,0,-112.85321
Quemado Norte,28.94544,113.42378,20-Jan-15,19.9,1,32.5,7.17,1,25,17,0,-113.42378
Quemado Norte,28.94544,113.42378,20-Jan-15,19.9,1,32.5,7.17,2,25,17,0,-113.42378
Quemado Norte,28.94544,113.42378,20-Jan-15,19.9,1,32.5,7.17,3,15,17,0.06,-113.42378
Quemado Norte,28.94544,113.42378,20-Jan-15,19.9,1,32.5,7.17,4,18,17,0.06,-113.42378
Quemado Norte,28.94544,113.42378,20-Jan-15,19.9,1,32.5,7.17,5,18,17,0.06,-113.42378
Quemado Norte,28.94544,113.42378,20-Jan-15,19.9,1,32.5,7.17,6,10,17,0,-113.42378
Gemelos 1 Sur,28.94615,113.42908,20-Jan-15,18.5,0,34.8,6.9,1,18.7,16,0.38,-113.42908
Gemelos 1 Sur,28.94615,113.42908,20-Jan-15,18.5,0,34.8,6.9,2,18.5,16,0,-113.42908
Gemelos 1 Sur,28.94615,113.42908,20-Jan-15,18.5,0,34.8,6.9,3,12,16,0.26,-113.42908
Gemelos 1 Sur,28.94615,113.42908,20-Jan-15,18.5,0,34.8,6.9,4,12,16,0.02,-113.42908
Gemelos 1 Sur,28.94615,113.42908,20-Jan-15,18.5,0,34.8,6.9,5,5,17,0.04,-113.42908
Gemelos 1 Sur,28.94615,113.42908,20-Jan-15,18.5,0,34.8,6.9,6,5,17,0,-113.42908
Punta Herradura,28.94615,113.42908,20-Jan-15,19.2,0,34.3,6.27,1,18.3,17,0,-113.42908
Punta Herradura,28.94615,113.42908,20-Jan-15,19.2,0,34.3,6.27,2,18.3,17,0.02,-113.42908
Punta Herradura,28.94615,113.42908,20-Jan-15,19.2,0,34.3,6.27,3,12.3,17,0.08,-113.42908
Punta Herradura,28.94615,113.42908,20-Jan-15,19.2,0,34.3,6.27,4,12.3,17,0.02,-113.42908
Punta Herradura,28.94615,113.42908,20-Jan-15,19.2,0,34.3,6.27,5,5,17,0,-113.42908
Punta Herradura,28.94615,113.42908,20-Jan-15,19.2,0,34.3,6.27,6,5,17,0.02,-113.42908
Gemelos 2 Sur,28.95512,113.47543,21-Jan-15,19.2,1.2,34.4,6.18,1,16,17,0.01,-113.47543
Gemelos 2 Sur,28.95512,113.47543,21-Jan-15,19.2,1.2,34.4,6.18,2,16,17,0.02,-113.47543
Gemelos 2 Sur,28.95512,113.47543,21-Jan-15,19.2,1.2,34.4,6.18,3,10,17,0.03,-113.47543
Gemelos 2 Sur,28.95512,113.47543,21-Jan-15,19.2,1.2,34.4,6.18,4,10,17,0.02,-113.47543
Gemelos 2 Sur,28.95512,113.47543,21-Jan-15,19.2,1.2,34.4,6.18,5,5,17,0.05,-113.47543
Gemelos 2 Sur,28.95512,113.47543,21-Jan-15,19.2,1.2,34.4,6.18,6,5,17,0.01,-113.47543
Gemelos 2 Norte,28.95719,113.42533,21-Jan-15,18.3,0,34.6,5.86,1,17,17,0.05,-113.42533
Gemelos 2 Norte,28.95719,113.42533,21-Jan-15,18.3,0,34.6,5.86,2,17,17,0.04,-113.42533
Gemelos 2 Norte,28.95719,113.42533,21-Jan-15,18.3,0,34.6,5.86,3,10,17,0.04,-113.42533
Gemelos 2 Norte,28.95719,113.42533,21-Jan-15,18.3,0,34.6,5.86,4,10,17,0.06,-113.42533
Gemelos 2 Norte,28.95719,113.42533,21-Jan-15,18.3,0,34.6,5.86,5,5,17,0.05,-113.42533
Gemelos 2 Norte,28.95719,113.42533,21-Jan-15,18.3,0,34.6,5.86,6,5,17,0.03,-113.42533
Cabeza de Caballo Medio,28.96632,113.47738,21-Jan-15,19.2,1.5,34.6,5.41,1,7,17,0.01,-113.47738
Cabeza de Caballo Medio,28.96632,113.47738,21-Jan-15,19.2,1.5,34.6,5.41,2,7,17,0.01,-113.47738
Cabeza de Caballo Medio,28.96632,113.47738,21-Jan-15,19.2,1.5,34.6,5.41,3,5,17,0.01,-113.47738
Cabeza de Caballo Medio,28.96632,113.47738,21-Jan-15,19.2,1.5,34.6,5.41,4,5,17,0.05,-113.47738
Cabeza de Caballo Medio,28.96632,113.47738,21-Jan-15,19.2,1.5,34.6,5.41,5,3,17,0.03,-113.47738
Cabeza de Caballo Medio,28.96632,113.47738,21-Jan-15,19.2,1.5,34.6,5.41,6,3,17,0.01,-113.47738
Cabeza de Caballo Sur,28.96739,113.48176,21-Jan-15,18,0,34.6,5.86,1,20,17,0.1,-113.48176
Cabeza de Caballo Sur,28.96739,113.48176,21-Jan-15,18,0,34.6,5.86,2,20,17,0.14,-113.48176
Cabeza de Caballo Sur,28.96739,113.48176,21-Jan-15,18,0,34.6,5.86,3,10,17,0.08,-113.48176
Cabeza de Caballo Sur,28.96739,113.48176,21-Jan-15,18,0,34.6,5.86,4,10,17,0.1,-113.48176
Cabeza de Caballo Sur,28.96739,113.48176,21-Jan-15,18,0,34.6,5.86,5,5,17,0.02,-113.48176
Cabeza de Caballo Sur,28.96739,113.48176,21-Jan-15,18,0,34.6,5.86,6,5,17,0.12,-113.48176
Ventana Norte,28.99267,113.50793,23-Jan-15,9.3,16.7,34.6,5.19,1,10.4,17,0.01,-113.50793
Ventana Norte,28.99267,113.50793,23-Jan-15,9.3,16.7,34.6,5.19,2,10.4,17,0.01,-113.50793
Ventana Norte,28.99267,113.50793,23-Jan-15,9.3,16.7,34.6,5.19,3,10.4,17,0,-113.50793
Ventana Norte,28.99267,113.50793,23-Jan-15,9.3,16.7,34.6,5.19,4,5.5,17,0,-113.50793
Ventana Norte,28.99267,113.50793,23-Jan-15,9.3,16.7,34.6,5.19,5,5.5,17,0,-113.50793
Ventana Norte,28.99267,113.50793,23-Jan-15,9.3,16.7,34.6,5.19,6,5.5,17,0,-113.50793
Borrego,29.0036,113.52193,23-Jan-15,9.2,7.7,34.6,5.34,1,16,16,0.02,-113.52193
Borrego,29.0036,113.52193,23-Jan-15,9.2,7.7,34.6,5.34,2,16,16,0,-113.52193
Borrego,29.0036,113.52193,23-Jan-15,9.2,7.7,34.6,5.34,3,10.5,16,0.01,-113.52193
Borrego,29.0036,113.52193,23-Jan-15,9.2,7.7,34.6,5.34,4,10.5,16,0.01,-113.52193
Borrego,29.0036,113.52193,23-Jan-15,9.2,7.7,34.6,5.34,5,5.5,16,0.01,-113.52193
Borrego,29.0036,113.52193,23-Jan-15,9.2,7.7,34.6,5.34,6,5.5,16,0.01,-113.52193
Razito Sur,29.01433,113.50652,23-Jan-15,11.5,5.2,34.4,4.46,1,15.6,15,0.01,-113.50652
Razito Sur,29.01433,113.50652,23-Jan-15,11.5,5.2,34.4,4.46,2,15.6,15,0,-113.50652
Razito Sur,29.01433,113.50652,23-Jan-15,11.5,5.2,34.4,4.46,3,10.5,15,0,-113.50652
Razito Sur,29.01433,113.50652,23-Jan-15,11.5,5.2,34.4,4.46,4,10.5,15,0,-113.50652
Razito Sur,29.01433,113.50652,23-Jan-15,11.5,5.2,34.4,4.46,5,5.5,15,0.02,-113.50652
Razito Sur,29.01433,113.50652,23-Jan-15,11.5,5.2,34.4,4.46,6,5.5,15,0.01,-113.50652
Tijereta Sur,29.03736,113.49043,24-Jan-15,13.2,14.5,34.6,5.35,1,6,17,0.01,-113.49043
Tijereta Sur,29.03736,113.49043,24-Jan-15,13.2,14.5,34.6,5.35,2,6,17,0.03,-113.49043
Tijereta Sur,29.03736,113.49043,24-Jan-15,13.2,14.5,34.6,5.35,3,6,17,0.01,-113.49043
Tijereta Sur,29.03736,113.49043,24-Jan-15,13.2,14.5,34.6,5.35,4,4.5,15,0,-113.49043
Tijereta Sur,29.03736,113.49043,24-Jan-15,13.2,14.5,34.6,5.35,5,4.5,15,0,-113.49043
Tijereta Sur,29.03736,113.49043,24-Jan-15,13.2,14.5,34.6,5.35,6,4.5,15,0,-113.49043
Mitlán,29.06439,113.51633,24-Jan-15,11.6,16.5,34.5,4.85,3,10,15,0,-113.51633
Mitlán,29.06439,113.51633,24-Jan-15,11.6,16.5,34.5,4.85,4,5,15,0.01,-113.51633
Mitlán,29.06439,113.51633,24-Jan-15,11.6,16.5,34.5,4.85,5,5,15,0,-113.51633
Mitlán,29.06439,113.51633,24-Jan-15,11.6,16.5,34.5,4.85,6,5,15,0,-113.51633
Mitlán,29.06558,113.51867,24-Jan-15,11.6,16.5,34.5,4.85,1,10,15,0,-113.51867
Mitlán,29.06558,113.51867,24-Jan-15,11.6,16.5,34.5,4.85,2,10,15,0,-113.51867
Coronadito Sur,29.07705,113.52052,24-Jan-15,8.5,17.7,34.7,5.09,1,10.5,15,0.01,-113.52052
Coronadito Sur,29.07705,113.52052,24-Jan-15,8.5,17.7,34.7,5.09,2,10.5,15,0.01,-113.52052
Coronadito Sur,29.07705,113.52052,24-Jan-15,8.5,17.7,34.7,5.09,3,10.5,15,0.01,-113.52052
Coronadito Sur,29.07705,113.52052,24-Jan-15,8.5,17.7,34.7,5.09,4,5,15,0.01,-113.52052
Coronadito Sur,29.07705,113.52052,24-Jan-15,8.5,17.7,34.7,5.09,5,5,15,0,-113.52052
Coronadito Sur,29.07705,113.52052,24-Jan-15,8.5,17.7,34.7,5.09,6,5,15,0,-113.52052
Gonzaga 7,29.80541,114.37229,11-Feb-15,6.9,13.4,33.8,9.9,1,7.6,19,0,-114.37229
Gonzaga 7,29.80541,114.37229,11-Feb-15,6.9,13.4,33.8,9.9,2,8.7,19,0,-114.37229
Gonzaga 7,29.80541,114.37229,11-Feb-15,6.9,13.4,33.8,9.9,3,7.6,19,0,-114.37229
Gonzaga 7,29.80541,114.37229,11-Feb-15,6.9,13.4,33.8,9.9,4,4.5,19,0.04,-114.37229
Gonzaga 7,29.80541,114.37229,11-Feb-15,6.9,13.4,33.8,9.9,5,5.1,19,0.08,-114.37229
Gonzaga 7,29.80541,114.37229,11-Feb-15,6.9,13.4,33.8,9.9,6,4.5,19,0,-114.37229
Gonzaga 6,29.80542,114.3723,11-Feb-15,12,12.9,33.5,10.1,1,10,19,0.02,-114.3723
Gonzaga 6,29.80542,114.3723,11-Feb-15,12,12.9,33.5,10.1,2,10.7,19,0.02,-114.3723
Gonzaga 6,29.80542,114.3723,11-Feb-15,12,12.9,33.5,10.1,3,10,19,0,-114.3723
Gonzaga 6,29.80542,114.3723,11-Feb-15,12,12.9,33.5,10.1,4,5.7,19,0.02,-114.3723
Gonzaga 6,29.80542,114.3723,11-Feb-15,12,12.9,33.5,10.1,5,6.4,19,0.04,-114.3723
Gonzaga 6,29.80542,114.3723,11-Feb-15,12,12.9,33.5,10.1,6,5.7,19,0.08,-114.3723
Choyudo,30.01659,114.47334,11-Feb-15,10.9,31.5,31.9,10.1,1,9,19,0,-114.47334
Choyudo,30.01659,114.47334,11-Feb-15,10.9,31.5,31.9,10.1,2,13.4,19,0,-114.47334
Choyudo,30.01659,114.47334,11-Feb-15,10.9,31.5,31.9,10.1,3,13.8,19,0,-114.47334
Choyudo,30.01659,114.47334,11-Feb-15,10.9,31.5,31.9,10.1,4,6.2,19,0,-114.47334
Choyudo,30.01659,114.47334,11-Feb-15,10.9,31.5,31.9,10.1,5,7.2,19,0,-114.47334
Choyudo,30.01659,114.47334,11-Feb-15,10.9,31.5,31.9,10.1,6,6.2,19,0,-114.47334
Gonzaga 12,29.74575,114.30444,12-Feb-15,10.5,1,34.5,8.19,1,10.7,19,0.02,-114.30444
Gonzaga 12,29.74575,114.30444,12-Feb-15,10.5,1,34.5,8.19,2,11.5,19,0,-114.30444
Gonzaga 12,29.74575,114.30444,12-Feb-15,10.5,1,34.5,8.19,3,10.7,19,0,-114.30444
Gonzaga 12,29.74575,114.30444,12-Feb-15,10.5,1,34.5,8.19,4,5.6,19,0,-114.30444
Gonzaga 12,29.74575,114.30444,12-Feb-15,10.5,1,34.5,8.19,5,5.6,19,0,-114.30444
Gonzaga 12,29.74575,114.30444,12-Feb-15,10.5,1,34.5,8.19,6,6,19,0.02,-114.30444
Gonzaga 11,29.76771,114.29079,12-Feb-15,11.3,3.8,34.3,8.35,1,14.6,19,0,-114.29079
Gonzaga 11,29.76771,114.29079,12-Feb-15,11.3,3.8,34.3,8.35,2,13.6,19,0.02,-114.29079
Gonzaga 11,29.76771,114.29079,12-Feb-15,11.3,3.8,34.3,8.35,3,13.6,19,0.06,-114.29079
Gonzaga 11,29.76771,114.29079,12-Feb-15,11.3,3.8,34.3,8.35,4,7.8,19,0,-114.29079
Gonzaga 11,29.76771,114.29079,12-Feb-15,11.3,3.8,34.3,8.35,5,6.9,19,0,-114.29079
Gonzaga 11,29.76771,114.29079,12-Feb-15,11.3,3.8,34.3,8.35,6,7.8,19,0.02,-114.29079
Gonzaga 10,29.76929,114.28327,12-Feb-15,13.2,1.5,34,8.5,1,15.9,19,0.04,-114.28327
Gonzaga 10,29.76929,114.28327,12-Feb-15,13.2,1.5,34,8.5,2,16.5,19,0,-114.28327
Gonzaga 10,29.76929,114.28327,12-Feb-15,13.2,1.5,34,8.5,3,10.8,19,0,-114.28327
Gonzaga 10,29.76929,114.28327,12-Feb-15,13.2,1.5,34,8.5,4,10.8,19,0,-114.28327
Gonzaga 10,29.76929,114.28327,12-Feb-15,13.2,1.5,34,8.5,5,5.6,19,0.02,-114.28327
Gonzaga 10,29.76929,114.28327,12-Feb-15,13.2,1.5,34,8.5,6,6,19,0,-114.28327
Calamajue 8,29.6797,114.13541,13-Feb-15,13.6,3.7,34.4,8.01,1,13,19,0.02,-114.13541
Calamajue 8,29.6797,114.13541,13-Feb-15,13.6,3.7,34.4,8.01,2,13.2,19,0,-114.13541
Calamajue 8,29.6797,114.13541,13-Feb-15,13.6,3.7,34.4,8.01,3,13,19,0.02,-114.13541
Calamajue 8,29.6797,114.13541,13-Feb-15,13.6,3.7,34.4,8.01,4,7.6,19,0,-114.13541
Calamajue 8,29.6797,114.13541,13-Feb-15,13.6,3.7,34.4,8.01,5,8,19,0.04,-114.13541
Calamajue 8,29.6797,114.13541,13-Feb-15,13.6,3.7,34.4,8.01,6,7.6,19,0.04,-114.13541
Calamajue 10,29.69392,114.15261,13-Feb-15,12.9,1,34.5,7.93,1,14.5,19,0.06,-114.15261
Calamajue 10,29.69392,114.15261,13-Feb-15,12.9,1,34.5,7.93,2,14,19,0.02,-114.15261
Calamajue 10,29.69392,114.15261,13-Feb-15,12.9,1,34.5,7.93,3,14.5,19,0.06,-114.15261
Calamajue 10,29.69392,114.15261,13-Feb-15,12.9,1,34.5,7.93,4,7.9,19,0.04,-114.15261
Calamajue 10,29.69392,114.15261,13-Feb-15,12.9,1,34.5,7.93,5,7.7,19,0.04,-114.15261
Calamajue 10,29.69392,114.15261,13-Feb-15,12.9,1,34.5,7.93,6,7.9,19,0.12,-114.15261
Calamajue 7,29.71199,114.18283,13-Feb-15,12.8,1,34.2,7.87,1,19.9,19,0,-114.18283
Calamajue 7,29.71199,114.18283,13-Feb-15,12.8,1,34.2,7.87,2,19.7,19,0.04,-114.18283
Calamajue 7,29.71199,114.18283,13-Feb-15,12.8,1,34.2,7.87,3,12.8,19,0.04,-114.18283
Calamajue 7,29.71199,114.18283,13-Feb-15,12.8,1,34.2,7.87,4,12.9,19,0.1,-114.18283
Calamajue 7,29.71199,114.18283,13-Feb-15,12.8,1,34.2,7.87,5,6,19,0.02,-114.18283
Calamajue 7,29.71199,114.18283,13-Feb-15,12.8,1,34.2,7.87,6,6.4,19,0.02,-114.18283
Calamajue 6,29.72372,114.19492,14-Feb-15,15.2,0.9,34.32,8.11,1,16.3,19,0.04,-114.19492
Calamajue 6,29.72372,114.19492,14-Feb-15,15.2,0.9,34.32,8.11,2,11.7,19,0,-114.19492
Calamajue 6,29.72372,114.19492,14-Feb-15,15.2,0.9,34.32,8.11,3,10.5,19,0.02,-114.19492
Calamajue 6,29.72372,114.19492,14-Feb-15,15.2,0.9,34.32,8.11,4,5.1,20,0,-114.19492
Calamajue 6,29.72372,114.19492,14-Feb-15,15.2,0.9,34.32,8.11,5,5.4,20,0.02,-114.19492
Calamajue 5,29.73476,114.20097,14-Feb-15,15.2,0.9,34.32,8.11,6,16.3,19,0,-114.20097
Calamajue 4,29.74499,114.20729,14-Feb-15,16.4,4.5,34.1,7.62,1,20.7,19,0,-114.20729
Calamajue 4,29.74499,114.20729,14-Feb-15,16.4,4.5,34.1,7.62,2,21.7,19,0,-114.20729
Calamajue 4,29.74499,114.20729,14-Feb-15,16.4,4.5,34.1,7.62,3,12.7,19,0.02,-114.20729
Calamajue 4,29.74499,114.20729,14-Feb-15,16.4,4.5,34.1,7.62,4,12.6,19,0.02,-114.20729
Calamajue 4,29.74499,114.20729,14-Feb-15,16.4,4.5,34.1,7.62,5,6.2,19,0.06,-114.20729
Calamajue 4,29.74499,114.20729,14-Feb-15,16.4,4.5,34.1,7.62,6,6.4,19,0.04,-114.20729
Calamajue 2,29.76364,114.24381,14-Feb-15,15.3,4.2,34.5,7.8,1,13.8,19,0.04,-114.24381
Calamajue 2,29.76364,114.24381,14-Feb-15,15.3,4.2,34.5,7.8,2,12.9,19,0.02,-114.24381
Calamajue 2,29.76364,114.24381,14-Feb-15,15.3,4.2,34.5,7.8,3,12.8,19,0,-114.24381
Calamajue 2,29.76364,114.24381,14-Feb-15,15.3,4.2,34.5,7.8,4,6.9,19,0.02,-114.24381
Calamajue 2,29.76364,114.24381,14-Feb-15,15.3,4.2,34.5,7.8,5,7.5,19,0.08,-114.24381
Calamajue 2,29.76364,114.24381,14-Feb-15,15.3,4.2,34.5,7.8,6,6.9,19,0.02,-114.24381
Cardón Norte,29.10682,113.56641,10-Mar-15,20.4,1.6,34.5,4.6,1,20.4,16,0.04,-113.56641
Cardón Norte,29.10682,113.56641,10-Mar-15,20.4,1.6,34.5,4.6,2,19.6,16,0.02,-113.56641
Cardón Norte,29.10682,113.56641,10-Mar-15,20.4,1.6,34.5,4.6,3,14.1,16,0.12,-113.56641
Cardón Norte,29.10682,113.56641,10-Mar-15,20.4,1.6,34.5,4.6,4,14.4,16,0.1,-113.56641
Cardón Norte,29.10682,113.56641,10-Mar-15,20.4,1.6,34.5,4.6,5,5.7,15,0.04,-113.56641
Cardón Norte,29.10682,113.56641,10-Mar-15,20.4,1.6,34.5,4.6,6,5.8,16,0.06,-113.56641
Nido-Nbla,29.1521,113.60645,10-Mar-15,21.4,4.9,34.4,4.32,1,15.6,16,0.02,-113.60645
Nido-Nbla,29.1521,113.60645,10-Mar-15,21.4,4.9,34.4,4.32,2,16.9,15,0,-113.60645
Nido-Nbla,29.1521,113.60645,10-Mar-15,21.4,4.9,34.4,4.32,3,15.6,15,0.02,-113.60645
Nido-Nbla,29.1521,113.60645,10-Mar-15,21.4,4.9,34.4,4.32,4,6.9,15,0.04,-113.60645
Nido-Nbla,29.1521,113.60645,10-Mar-15,21.4,4.9,34.4,4.32,5,7.5,15,0.04,-113.60645
Nido-Nbla,29.1521,113.60645,10-Mar-15,21.4,4.9,34.4,4.32,6,6.9,15,0,-113.60645
Guadalupe,29.19435,113.63914,10-Mar-15,22.8,9.6,34.4,4.96,1,13.6,17,0,-113.63914
Guadalupe,29.19435,113.63914,10-Mar-15,22.8,9.6,34.4,4.96,2,13.3,17,0,-113.63914
Guadalupe,29.19435,113.63914,10-Mar-15,22.8,9.6,34.4,4.96,3,13.6,17,0,-113.63914
Guadalupe,29.19435,113.63914,10-Mar-15,22.8,9.6,34.4,4.96,4,6.7,16,0,-113.63914
Guadalupe,29.19435,113.63914,10-Mar-15,22.8,9.6,34.4,4.96,5,6.9,16,0,-113.63914
Guadalupe,29.19435,113.63914,10-Mar-15,22.8,9.6,34.4,4.96,6,6.7,16,0,-113.63914
Nido-Niag,29.46143,113.5864,11-Mar-15,22.8,1.5,33.4,5.6,1,16,18,0.08,-113.5864
Nido-Niag,29.46143,113.5864,11-Mar-15,22.8,1.5,33.4,5.6,2,17.3,17,0.08,-113.5864
Nido-Niag,29.46143,113.5864,11-Mar-15,22.8,1.5,33.4,5.6,3,16,17,0.02,-113.5864
Nido-Niag,29.46143,113.5864,11-Mar-15,22.8,1.5,33.4,5.6,4,7.2,17,0,-113.5864
Nido-Niag,29.46143,113.5864,11-Mar-15,22.8,1.5,33.4,5.6,5,7.3,17,0,-113.5864
Nido-Niag,29.46143,113.5864,11-Mar-15,22.8,1.5,33.4,5.6,6,7.2,17,0,-113.5864
Islote-Niag,29.51307,113.51359,11-Mar-15,20.6,1.6,34,5.3,1,15,18,0,-113.51359
Islote-Niag,29.51307,113.51359,11-Mar-15,20.6,1.6,34,5.3,2,16.2,17,0,-113.51359
Islote-Niag,29.51307,113.51359,11-Mar-15,20.6,1.6,34,5.3,3,15,16,0,-113.51359
Islote-Niag,29.51307,113.51359,11-Mar-15,20.6,1.6,34,5.3,4,7.6,16,0.04,-113.51359
Islote-Niag,29.51307,113.51359,11-Mar-15,20.6,1.6,34,5.3,5,8.1,16,0.02,-113.51359
Islote-Niag,29.51307,113.51359,11-Mar-15,20.6,1.6,34,5.3,6,7.6,16,0.02,-113.51359
Punta Refugio-Niag,29.55383,113.55936,11-Mar-15,21.8,3.5,34.2,4.8,1,16.4,17,0.04,-113.55936
Punta Refugio-Niag,29.55383,113.55936,11-Mar-15,21.8,3.5,34.2,4.8,2,17.2,16,0,-113.55936
Punta Refugio-Niag,29.55383,113.55936,11-Mar-15,21.8,3.5,34.2,4.8,3,16.4,16,0,-113.55936
Punta Refugio-Niag,29.55383,113.55936,11-Mar-15,21.8,3.5,34.2,4.8,4,7.9,16,0.04,-113.55936
Punta Refugio-Niag,29.55383,113.55936,11-Mar-15,21.8,3.5,34.2,4.8,5,7.3,16,0.02,-113.55936
Punta Refugio-Niag,29.55383,113.55936,11-Mar-15,21.8,3.5,34.2,4.8,6,7.9,16,0.06,-113.55936
Lobera Sur,29.28183,113.49023,12-Mar-15,20.9,6.1,34.4,4.8,1,15.3,17,0,-113.49023
Lobera Sur,29.28183,113.49023,12-Mar-15,20.9,6.1,34.4,4.8,2,15.2,16,0,-113.49023
Lobera Sur,29.28183,113.49023,12-Mar-15,20.9,6.1,34.4,4.8,3,15.3,16,0.02,-113.49023
Lobera Sur,29.28183,113.49023,12-Mar-15,20.9,6.1,34.4,4.8,4,7.5,15,0,-113.49023
Lobera Sur,29.28183,113.49023,12-Mar-15,20.9,6.1,34.4,4.8,5,7.4,15,0,-113.49023
Lobera Sur,29.28183,113.49023,12-Mar-15,20.9,6.1,34.4,4.8,6,7.5,15,0.04,-113.49023
Ballenita Sur,29.37582,113.5531,12-Mar-15,23.1,2.3,34.3,6.3,1,19.4,17,0,-113.5531
Ballenita Sur,29.37582,113.5531,12-Mar-15,23.1,2.3,34.3,6.3,2,18.2,16,0.02,-113.5531
Ballenita Sur,29.37582,113.5531,12-Mar-15,23.1,2.3,34.3,6.3,3,12,16,0.06,-113.5531
Ballenita Sur,29.37582,113.5531,12-Mar-15,23.1,2.3,34.3,6.3,4,12.5,16,0,-113.5531
Ballenita Sur,29.37582,113.5531,12-Mar-15,23.1,2.3,34.3,6.3,5,6.1,16,0.02,-113.5531
Ballenita Sur,29.37582,113.5531,12-Mar-15,23.1,2.3,34.3,6.3,6,5.8,16,0.02,-113.5531
Ballenita Norte,29.4041,113.58043,12-Mar-15,21.3,1.4,33.9,4.9,1,20,18,0,-113.58043
Ballenita Norte,29.4041,113.58043,12-Mar-15,21.3,1.4,33.9,4.9,2,20.1,16,0.08,-113.58043
Ballenita Norte,29.4041,113.58043,12-Mar-15,21.3,1.4,33.9,4.9,3,14.4,16,0.02,-113.58043
Ballenita Norte,29.4041,113.58043,12-Mar-15,21.3,1.4,33.9,4.9,4,14.9,16,0.06,-113.58043
Ballenita Norte,29.4041,113.58043,12-Mar-15,21.3,1.4,33.9,4.9,5,6.9,16,0.02,-113.58043
Ballenita Norte,29.4041,113.58043,12-Mar-15,21.3,1.4,33.9,4.9,6,7.1,16,0.02,-113.58043
Ánimas Norte 2,28.82567,113.35779,13-Mar-15,18.8,16.7,34.4,7.6,1,16.8,20,0,-113.35779
Ánimas Norte 2,28.82567,113.35779,13-Mar-15,18.8,16.7,34.4,7.6,2,17,18,0.02,-113.35779
Ánimas Norte 2,28.82567,113.35779,13-Mar-15,18.8,16.7,34.4,7.6,3,16.8,18,0,-113.35779
Ánimas Norte 2,28.82567,113.35779,13-Mar-15,18.8,16.7,34.4,7.6,4,8,18,0.02,-113.35779
Ánimas Norte 2,28.82567,113.35779,13-Mar-15,18.8,16.7,34.4,7.6,5,7.7,18,0,-113.35779
Ánimas Norte 2,28.82567,113.35779,13-Mar-15,18.8,16.7,34.4,7.6,6,8,18,0.12,-113.35779
Soldado Norte,28.87201,113.3601,13-Mar-15,19.6,8.4,34.4,7.4,1,12.1,19,0,-113.3601
Soldado Norte,28.87201,113.3601,13-Mar-15,19.6,8.4,34.4,7.4,2,11.7,18,0.02,-113.3601
Soldado Norte,28.87201,113.3601,13-Mar-15,19.6,8.4,34.4,7.4,3,12.1,18,0.04,-113.3601
Soldado Norte,28.87201,113.3601,13-Mar-15,19.6,8.4,34.4,7.4,4,6.5,17,0.06,-113.3601
Soldado Norte,28.87201,113.3601,13-Mar-15,19.6,8.4,34.4,7.4,5,6.1,17,0.02,-113.3601
Soldado Norte,28.87201,113.3601,13-Mar-15,19.6,8.4,34.4,7.4,6,6.5,17,0.04,-113.3601
Ventana Norte,28.99254,113.50723,14-Mar-15,21,22,33.8,6.4,1,16.8,18,0.08,-113.50723
Ventana Norte,28.99254,113.50723,14-Mar-15,21,22,33.8,6.4,2,16.2,17,0.1,-113.50723
Ventana Norte,28.99254,113.50723,14-Mar-15,21,22,33.8,6.4,3,16.8,17,0.02,-113.50723
Ventana Norte,28.99254,113.50723,14-Mar-15,21,22,33.8,6.4,4,7.8,17,0.06,-113.50723
Ventana Norte,28.99254,113.50723,14-Mar-15,21,22,33.8,6.4,5,8.5,17,0.06,-113.50723
Ventana Norte,28.99254,113.50723,14-Mar-15,21,22,33.8,6.4,6,7.9,17,0.12,-113.50723
Borrego,29.00391,113.52206,14-Mar-15,20.7,3.1,33.8,6.4,1,16.6,18,0.04,-113.52206
Borrego,29.00391,113.52206,14-Mar-15,20.7,3.1,33.8,6.4,2,17.6,17,0.04,-113.52206
Borrego,29.00391,113.52206,14-Mar-15,20.7,3.1,33.8,6.4,3,17.6,17,0.08,-113.52206
Borrego,29.00391,113.52206,14-Mar-15,20.7,3.1,33.8,6.4,4,7,17,0.04,-113.52206
Borrego,29.00391,113.52206,14-Mar-15,20.7,3.1,33.8,6.4,5,7.6,17,0.08,-113.52206
Borrego,29.00391,113.52206,14-Mar-15,20.7,3.1,33.8,6.4,6,7,17,0,-113.52206
Bota Sur,29.01021,113.51296,14-Mar-15,22.5,7.9,34.2,6.1,1,11.3,18,0,-113.51296
Bota Sur,29.01021,113.51296,14-Mar-15,22.5,7.9,34.2,6.1,2,10.6,17,0,-113.51296
Bota Sur,29.01021,113.51296,14-Mar-15,22.5,7.9,34.2,6.1,3,12.3,17,0,-113.51296
Bota Sur,29.01021,113.51296,14-Mar-15,22.5,7.9,34.2,6.1,4,6.1,17,0.02,-113.51296
Bota Sur,29.01021,113.51296,14-Mar-15,22.5,7.9,34.2,6.1,5,6.3,17,0,-113.51296
Bota Sur,29.01021,113.51296,14-Mar-15,22.5,7.9,34.2,6.1,6,6.1,17,0.06,-113.51296
Gonzaga 11,29.76535,114.34916,22-Apr-15,20.6,8.2,35.2,7.5,1,7.9,21,0.02,-114.34916
Gonzaga 11,29.76535,114.34916,22-Apr-15,20.6,8.2,35.2,7.5,2,6.8,21,0.02,-114.34916
Gonzaga 11,29.76535,114.34916,22-Apr-15,20.6,8.2,35.2,7.5,3,7.9,21,0.02,-114.34916
Gonzaga 11,29.76535,114.34916,22-Apr-15,20.6,8.2,35.2,7.5,4,6.4,21,0.02,-114.34916
Gonzaga 11,29.76535,114.34916,22-Apr-15,20.6,8.2,35.2,7.5,5,7.5,21,0.02,-114.34916
Gonzaga 11,29.76535,114.34916,22-Apr-15,20.6,8.2,35.2,7.5,6,6.4,21,0,-114.34916
Gonzaga 9,29.77292,114.3603,22-Apr-15,19.6,5.7,34.3,6.9,1,10.4,20,0,-114.3603
Gonzaga 9,29.77292,114.3603,22-Apr-15,19.6,5.7,34.3,6.9,2,10.3,20,0,-114.3603
Gonzaga 9,29.77292,114.3603,22-Apr-15,19.6,5.7,34.3,6.9,3,10.4,20,0,-114.3603
Gonzaga 9,29.77292,114.3603,22-Apr-15,19.6,5.7,34.3,6.9,4,4.9,21,0.04,-114.3603
Gonzaga 9,29.77292,114.3603,22-Apr-15,19.6,5.7,34.3,6.9,5,4.7,21,0.02,-114.3603
Gonzaga 9,29.77292,114.3603,22-Apr-15,19.6,5.7,34.3,6.9,6,4.9,21,0,-114.3603
Gonzaga 8,29.80502,114.37206,22-Apr-15,14,4.2,34.4,6.6,1,9.9,19,0.04,-114.37206
Gonzaga 8,29.80502,114.37206,22-Apr-15,14,4.2,34.4,6.6,2,10.2,20,0.08,-114.37206
Gonzaga 8,29.80502,114.37206,22-Apr-15,14,4.2,34.4,6.6,3,9.9,20,0.04,-114.37206
Gonzaga 8,29.80502,114.37206,22-Apr-15,14,4.2,34.4,6.6,4,4.9,20,0,-114.37206
Gonzaga 8,29.80502,114.37206,22-Apr-15,14,4.2,34.4,6.6,5,5.5,20,0.04,-114.37206
Gonzaga 8,29.80502,114.37206,22-Apr-15,14,4.2,34.4,6.6,6,4.9,20,0.02,-114.37206
Calamajue 9,29.65121,114.10519,23-Apr-15,20,18,32.4,7.1,1,10.1,20,0.04,-114.10519
Calamajue 9,29.65121,114.10519,23-Apr-15,20,18,32.4,7.1,2,10.4,20,0.08,-114.10519
Calamajue 9,29.65121,114.10519,23-Apr-15,20,18,32.4,7.1,3,10.1,20,0,-114.10519
Calamajue 9,29.65121,114.10519,23-Apr-15,20,18,32.4,7.1,4,7.4,20,0.02,-114.10519
Calamajue 9,29.65121,114.10519,23-Apr-15,20,18,32.4,7.1,5,7.6,20,0.04,-114.10519
Calamajue 9,29.65121,114.10519,23-Apr-15,20,18,32.4,7.1,6,7.4,20,0,-114.10519
Gonzaga 1,29.82205,114.38171,23-Apr-15,21.5,15.1,32.7,7.1,1,17.1,20,0,-114.38171
Gonzaga 1,29.82205,114.38171,23-Apr-15,21.5,15.1,32.7,7.1,2,17.4,20,0,-114.38171
Gonzaga 1,29.82205,114.38171,23-Apr-15,21.5,15.1,32.7,7.1,3,12.1,20,0.02,-114.38171
Gonzaga 1,29.82205,114.38171,23-Apr-15,21.5,15.1,32.7,7.1,4,12.7,20,0.06,-114.38171
Gonzaga 1,29.82205,114.38171,23-Apr-15,21.5,15.1,32.7,7.1,5,6.7,20,0.12,-114.38171
Gonzaga 1,29.82205,114.38171,23-Apr-15,21.5,15.1,32.7,7.1,6,8.2,20,0.02,-114.38171
Calamajue 3,29.74641,114.21696,24-Apr-15,20.1,8.6,32.3,6.1,1,13.2,20,0,-114.21696
Calamajue 3,29.74641,114.21696,24-Apr-15,20.1,8.6,32.3,6.1,2,12.5,20,0.02,-114.21696
Calamajue 3,29.74641,114.21696,24-Apr-15,20.1,8.6,32.3,6.1,3,13.2,20,0.02,-114.21696
Calamajue 3,29.74641,114.21696,24-Apr-15,20.1,8.6,32.3,6.1,4,6.9,20,0.06,-114.21696
Calamajue 3,29.74641,114.21696,24-Apr-15,20.1,8.6,32.3,6.1,5,7.3,20,0.04,-114.21696
Calamajue 3,29.74641,114.21696,24-Apr-15,20.1,8.6,32.3,6.1,6,6.9,20,0.06,-114.21696
Gonzaga 4,29.8082,114.3893,24-Apr-15,20.2,7.3,32.1,6.9,1,10.4,20,0.02,-114.3893
Gonzaga 4,29.8082,114.3893,24-Apr-15,20.2,7.3,32.1,6.9,2,9.9,20,0.02,-114.3893
Gonzaga 4,29.8082,114.3893,24-Apr-15,20.2,7.3,32.1,6.9,3,10.1,20,0.02,-114.3893
Gonzaga 4,29.8082,114.3893,24-Apr-15,20.2,7.3,32.1,6.9,4,6.1,20,0.08,-114.3893
Gonzaga 4,29.8082,114.3893,24-Apr-15,20.2,7.3,32.1,6.9,5,5.6,20,0.04,-114.3893
Gonzaga 4,29.8082,114.3893,24-Apr-15,20.2,7.3,32.1,6.9,6,6.1,20,0.04,-114.3893
Calamajue 5,29.73476,114.20097,25-Apr-15,21.6,0.15,31.7,6.8,1,15.2,19,0,-114.20097
Calamajue 5,29.73476,114.20097,25-Apr-15,21.6,0.15,31.7,6.8,2,15.8,20,0,-114.20097
Calamajue 5,29.73476,114.20097,25-Apr-15,21.6,0.15,31.7,6.8,3,15.2,20,0.02,-114.20097
Calamajue 5,29.73476,114.20097,25-Apr-15,21.6,0.15,31.7,6.8,4,8.1,20,0,-114.20097
Calamajue 5,29.73476,114.20097,25-Apr-15,21.6,0.15,31.7,6.8,5,8.4,20,0.04,-114.20097
Calamajue 5,29.73476,114.20097,25-Apr-15,21.6,0.15,31.7,6.8,6,8.1,20,0.02,-114.20097
Gonzaga 11,29.76739,114.29111,25-Apr-15,23.5,10.4,31.8,6.9,1,14.4,21,0,-114.29111
Gonzaga 11,29.76739,114.29111,25-Apr-15,23.5,10.4,31.8,6.9,2,13.8,21,0.04,-114.29111
Gonzaga 11,29.76739,114.29111,25-Apr-15,23.5,10.4,31.8,6.9,3,14.4,21,0,-114.29111
Gonzaga 11,29.76739,114.29111,25-Apr-15,23.5,10.4,31.8,6.9,4,7.7,21,0,-114.29111
Gonzaga 11,29.76739,114.29111,25-Apr-15,23.5,10.4,31.8,6.9,5,7.1,21,0.02,-114.29111
Gonzaga 11,29.76739,114.29111,25-Apr-15,23.5,10.4,31.8,6.9,6,7.7,21,0.04,-114.29111
Calamajue 1,29.769174,114.2648,25-Apr-15,20.4,3.7,31.9,6.8,1,12.9,20,0.06,-114.2648
Gonzaga 5,29.8082,114.3893,26-Apr-15,22.1,1.5,32.4,6.9,2,11.5,21,0.02,-114.3893
Gonzaga 5,29.8082,114.3893,26-Apr-15,22.1,1.5,32.4,6.9,3,9.5,21,0.02,-114.3893
Gonzaga 5,29.8082,114.3893,26-Apr-15,22.1,1.5,32.4,6.9,4,4.7,21,0.12,-114.3893
Gonzaga 5,29.8082,114.3893,26-Apr-15,22.1,1.5,32.4,6.9,5,4.6,21,0.08,-114.3893
Gonzaga 5,29.8082,114.3893,26-Apr-15,22.1,1.5,32.4,6.9,6,4.7,21,0.02,-114.3893
Gonzaga 3,29.80979,114.38525,26-Apr-15,21.9,1.4,31.8,7.1,1,9.7,21,0.02,-114.38525
Gonzaga 3,29.80979,114.38525,26-Apr-15,21.9,1.4,31.8,7.1,2,10.3,21,0.02,-114.38525
Gonzaga 3,29.80979,114.38525,26-Apr-15,21.9,1.4,31.8,7.1,3,9.7,21,0,-114.38525
Gonzaga 3,29.80979,114.38525,26-Apr-15,21.9,1.4,31.8,7.1,4,5.5,21,0,-114.38525
Gonzaga 3,29.80979,114.38525,26-Apr-15,21.9,1.4,31.8,7.1,5,5.2,21,0.02,-114.38525
Gonzaga 3,29.80979,114.38525,26-Apr-15,21.9,1.4,31.8,7.1,6,5.5,21,0.02,-114.38525
Gonzaga 2,29.81424,114.37836,26-Apr-15,21.3,1.8,31.9,6.5,2,14.4,22,0.04,-114.37836
Gonzaga 2,29.81424,114.37836,26-Apr-15,21.3,1.8,31.9,6.5,3,14.1,22,0,-114.37836
Gonzaga 2,29.81424,114.37836,26-Apr-15,21.3,1.8,31.9,6.5,4,7.4,22,0,-114.37836
Gonzaga 2,29.81424,114.37836,26-Apr-15,21.3,1.8,31.9,6.5,5,7.6,22,0.02,-114.37836
Gonzaga 2,29.81424,114.37836,26-Apr-15,21.3,1.8,31.9,6.5,6,7.4,22,0,-114.37836
Ventana Norte,28.99262,113.50784,11-May-15,24.9,5.7,20.4,ND,1,12.3,19,0.04,-113.50784
Ventana Norte,28.99262,113.50784,11-May-15,24.9,5.7,20.4,ND,2,12.5,18,0.04,-113.50784
Ventana Norte,28.99262,113.50784,11-May-15,24.9,5.7,20.4,ND,3,12.3,18,0,-113.50784
Ventana Norte,28.99262,113.50784,11-May-15,24.9,5.7,20.4,ND,4,6.2,18,0,-113.50784
Ventana Norte,28.99262,113.50784,11-May-15,24.9,5.7,20.4,ND,5,6.7,18,0.02,-113.50784
Ventana Norte,28.99262,113.50784,11-May-15,24.9,5.7,20.4,ND,6,6.2,18,0.02,-113.50784
Borrego,29.00384,113.52195,11-May-15,24.2,10.2,31.3,8.1,1,12.2,18,0.06,-113.52195
Borrego,29.00384,113.52195,11-May-15,24.2,10.2,31.3,8.1,2,13.4,18,0.08,-113.52195
Borrego,29.00384,113.52195,11-May-15,24.2,10.2,31.3,8.1,3,13.2,18,0.02,-113.52195
Borrego,29.00384,113.52195,11-May-15,24.2,10.2,31.3,8.1,4,6.2,18,0.06,-113.52195
Borrego,29.00384,113.52195,11-May-15,24.2,10.2,31.3,8.1,5,6.3,18,0.04,-113.52195
Borrego,29.00384,113.52195,11-May-15,24.2,10.2,31.3,8.1,6,6,18,0.08,-113.52195
Razito Norte,29.01522,113.5058,11-May-15,22.8,1,31.7,9.3,1,16.4,19,0,-113.5058
Razito Norte,29.01522,113.5058,11-May-15,22.8,1,31.7,9.3,2,15.9,18,0.12,-113.5058
Razito Norte,29.01522,113.5058,11-May-15,22.8,1,31.7,9.3,3,16.4,18,0.02,-113.5058
Razito Norte,29.01522,113.5058,11-May-15,22.8,1,31.7,9.3,4,8.6,18,0.02,-113.5058
Razito Norte,29.01522,113.5058,11-May-15,22.8,1,31.7,9.3,5,8.4,18,0.04,-113.5058
Razito Norte,29.01522,113.5058,11-May-15,22.8,1,31.7,9.3,6,8.6,18,0,-113.5058
Quemado Norte,28.94545,113.42451,12-May-15,21.9,3.2,31.9,6.9,1,21,18,0.08,-113.42451
Quemado Norte,28.94545,113.42451,12-May-15,21.9,3.2,31.9,6.9,2,22.2,18,0.02,-113.42451
Quemado Norte,28.94545,113.42451,12-May-15,21.9,3.2,31.9,6.9,3,14.1,18,0.06,-113.42451
Quemado Norte,28.94545,113.42451,12-May-15,21.9,3.2,31.9,6.9,4,14.5,18,0,-113.42451
Quemado Norte,28.94545,113.42451,12-May-15,21.9,3.2,31.9,6.9,5,7.1,18,0.06,-113.42451
Quemado Norte,28.94545,113.42451,12-May-15,21.9,3.2,31.9,6.9,6,6.9,18,0.04,-113.42451
Puerto Don Juan,28.95672,113.43903,12-May-15,23.8,2.6,32,6.7,1,16.6,19,0,-113.43903
Puerto Don Juan,28.95672,113.43903,12-May-15,23.8,2.6,32,6.7,2,17.6,18,0.02,-113.43903
Puerto Don Juan,28.95672,113.43903,12-May-15,23.8,2.6,32,6.7,3,10.3,18,0.02,-113.43903
Puerto Don Juan,28.95672,113.43903,12-May-15,23.8,2.6,32,6.7,4,10.4,18,0.02,-113.43903
Puerto Don Juan,28.95672,113.43903,12-May-15,23.8,2.6,32,6.7,5,5.1,18,0.04,-113.43903
Puerto Don Juan,28.95672,113.43903,12-May-15,23.8,2.6,32,6.7,6,5.5,18,0,-113.43903
Cabeza de Caballo Medio,28.96655,113.47687,12-May-15,21.7,3.2,32,6.7,1,18.2,19,0.02,-113.47687
Cabeza de Caballo Medio,28.96655,113.47687,12-May-15,21.7,3.2,32,6.7,2,18.6,18,0.02,-113.47687
Cabeza de Caballo Medio,28.96655,113.47687,12-May-15,21.7,3.2,32,6.7,3,12.2,18,0.06,-113.47687
Cabeza de Caballo Medio,28.96655,113.47687,12-May-15,21.7,3.2,32,6.7,4,12.5,18,0.06,-113.47687
Cabeza de Caballo Medio,28.96655,113.47687,12-May-15,21.7,3.2,32,6.7,5,6.1,18,0.04,-113.47687
Cabeza de Caballo Medio,28.96655,113.47687,12-May-15,21.7,3.2,32,6.7,6,6.3,18,0.14,-113.47687
Coronadito Sur,29.0777,113.52125,13-May-15,20.4,3.6,32.3,9.4,1,18.6,19,0.02,-113.52125
Coronadito Sur,29.0777,113.52125,13-May-15,20.4,3.6,32.3,9.4,2,19.2,19,0.04,-113.52125
Coronadito Sur,29.0777,113.52125,13-May-15,20.4,3.6,32.3,9.4,3,12,19,0,-113.52125
Coronadito Sur,29.0777,113.52125,13-May-15,20.4,3.6,32.3,9.4,4,13.1,19,0,-113.52125
Coronadito Sur,29.0777,113.52125,13-May-15,20.4,3.6,32.3,9.4,5,6.1,19,0.02,-113.52125
Coronadito Sur,29.0777,113.52125,13-May-15,20.4,3.6,32.3,9.4,6,6.4,19,0.04,-113.52125
Punta Herradura,28.94627,113.47877,10-Jun-15,27.9,1,33.2,7.3,1,18.3,22,0.02,-113.47877
Punta Herradura,28.94627,113.47877,10-Jun-15,27.9,1,33.2,7.3,2,18.4,21,0,-113.47877
Punta Herradura,28.94627,113.47877,10-Jun-15,27.9,1,33.2,7.3,3,12.1,21,0.02,-113.47877
Punta Herradura,28.94627,113.47877,10-Jun-15,27.9,1,33.2,7.3,4,13.6,21,0.02,-113.47877
Punta Herradura,28.94627,113.47877,10-Jun-15,27.9,1,33.2,7.3,5,6.3,22,0.12,-113.47877
Punta Herradura,28.94627,113.47877,10-Jun-15,27.9,1,33.2,7.3,6,5.9,22,0.1,-113.47877
Gemelos 1 Norte,28.95545,113.48222,10-Jun-15,26.1,2.2,33.3,6.8,1,20.6,23,0.14,-113.48222
Gemelos 1 Norte,28.95545,113.48222,10-Jun-15,26.1,2.2,33.3,6.8,2,21.3,21,0.06,-113.48222
Gemelos 1 Norte,28.95545,113.48222,10-Jun-15,26.1,2.2,33.3,6.8,3,14.4,21,0.16,-113.48222
Gemelos 1 Norte,28.95545,113.48222,10-Jun-15,26.1,2.2,33.3,6.8,4,15.5,21,0.08,-113.48222
Gemelos 1 Norte,28.95545,113.48222,10-Jun-15,26.1,2.2,33.3,6.8,5,7,21,0.2,-113.48222
Gemelos 1 Norte,28.95545,113.48222,10-Jun-15,26.1,2.2,33.3,6.8,6,7.8,22,0.12,-113.48222
Gemelos 2 Sur,28.95553,113.47539,10-Jun-15,27.1,3.3,33.2,7.1,1,20.4,23,0.14,-113.47539
Gemelos 2 Sur,28.95553,113.47539,10-Jun-15,27.1,3.3,33.2,7.1,2,20,21,0.02,-113.47539
Gemelos 2 Sur,28.95553,113.47539,10-Jun-15,27.1,3.3,33.2,7.1,3,12.6,21,0.14,-113.47539
Gemelos 2 Sur,28.95553,113.47539,10-Jun-15,27.1,3.3,33.2,7.1,4,13.3,22,0.14,-113.47539
Gemelos 2 Sur,28.95553,113.47539,10-Jun-15,27.1,3.3,33.2,7.1,5,6.4,21,0.22,-113.47539
Gemelos 2 Sur,28.95553,113.47539,10-Jun-15,27.1,3.3,33.2,7.1,6,7.1,22,0.16,-113.47539
San Francisquito 8,28.42174,112.84384,11-Jun-15,27,0,33.1,7.3,1,11.8,20,0.02,-112.84384
San Francisquito 8,28.42174,112.84384,11-Jun-15,27,0,33.1,7.3,2,13.5,19,0,-112.84384
San Francisquito 8,28.42174,112.84384,11-Jun-15,27,0,33.1,7.3,3,11.8,19,0,-112.84384
San Francisquito 8,28.42174,112.84384,11-Jun-15,27,0,33.1,7.3,4,6.3,20,0,-112.84384
San Francisquito 8,28.42174,112.84384,11-Jun-15,27,0,33.1,7.3,5,7.5,20,0,-112.84384
San Francisquito 8,28.42174,112.84384,11-Jun-15,27,0,33.1,7.3,6,6.3,20,0,-112.84384
San Francisquito 5,28.43877,112.86018,11-Jun-15,26.9,2.2,33.3,7.8,1,7,20,0.06,-112.86018
San Francisquito 5,28.43877,112.86018,11-Jun-15,26.9,2.2,33.3,7.8,2,7.6,20,0.22,-112.86018
San Francisquito 5,28.43877,112.86018,11-Jun-15,26.9,2.2,33.3,7.8,3,7,20,0,-112.86018
San Francisquito 5,28.43877,112.86018,11-Jun-15,26.9,2.2,33.3,7.8,4,4,20,0.08,-112.86018
San Francisquito 5,28.43877,112.86018,11-Jun-15,26.9,2.2,33.3,7.8,5,4.1,20,0.1,-112.86018
San Francisquito 5,28.43877,112.86018,11-Jun-15,26.9,2.2,33.3,7.8,6,4,20,0,-112.86018
San Francisquito 3,28.44024,112.84451,11-Jun-15,27.1,1.8,33.3,8.3,1,10.9,21,0.06,-112.84451
San Francisquito 3,28.44024,112.84451,11-Jun-15,27.1,1.8,33.3,8.3,2,11.9,21,0.02,-112.84451
San Francisquito 3,28.44024,112.84451,11-Jun-15,27.1,1.8,33.3,8.3,3,10.9,21,0.02,-112.84451
San Francisquito 3,28.44024,112.84451,11-Jun-15,27.1,1.8,33.3,8.3,4,7,22,0,-112.84451
San Francisquito 3,28.44024,112.84451,11-Jun-15,27.1,1.8,33.3,8.3,5,10.7,22,0.02,-112.84451
San Francisquito 3,28.44024,112.84451,11-Jun-15,27.1,1.8,33.3,8.3,6,7,22,0,-112.84451
San Francisquito 8,28.42174,112.84384,11-Jun-15,27,0,33.1,7.3,1,11.8,20,0.02,-112.84384
San Francisquito 8,28.42174,112.84384,11-Jun-15,27,0,33.1,7.3,2,13.5,19,0,-112.84384
San Francisquito 8,28.42174,112.84384,11-Jun-15,27,0,33.1,7.3,3,11.8,19,0,-112.84384
San Francisquito 8,28.42174,112.84384,11-Jun-15,27,0,33.1,7.3,4,6.3,20,0,-112.84384
San Francisquito 8,28.42174,112.84384,11-Jun-15,27,0,33.1,7.3,5,7.5,20,0,-112.84384
San Francisquito 8,28.42174,112.84384,11-Jun-15,27,0,33.1,7.3,6,6.3,20,0,-112.84384
San Francisquito 5,28.43877,112.86018,11-Jun-15,26.9,2.2,33.3,7.8,1,7,20,0.06,-112.86018
San Francisquito 5,28.43877,112.86018,11-Jun-15,26.9,2.2,33.3,7.8,2,7.6,20,0.22,-112.86018
San Francisquito 5,28.43877,112.86018,11-Jun-15,26.9,2.2,33.3,7.8,3,7,20,0,-112.86018
San Francisquito 5,28.43877,112.86018,11-Jun-15,26.9,2.2,33.3,7.8,4,4,20,0.08,-112.86018
San Francisquito 5,28.43877,112.86018,11-Jun-15,26.9,2.2,33.3,7.8,5,4.1,20,0.1,-112.86018
San Francisquito 5,28.43877,112.86018,11-Jun-15,26.9,2.2,33.3,7.8,6,4,20,0,-112.86018
San Francisquito 3,28.44024,112.84451,11-Jun-15,27.1,1.8,33.3,8.3,1,10.9,21,0.06,-112.84451
San Francisquito 3,28.44024,112.84451,11-Jun-15,27.1,1.8,33.3,8.3,2,11.9,21,0.02,-112.84451
San Francisquito 3,28.44024,112.84451,11-Jun-15,27.1,1.8,33.3,8.3,3,10.9,21,0.02,-112.84451
San Francisquito 3,28.44024,112.84451,11-Jun-15,27.1,1.8,33.3,8.3,4,7,22,0,-112.84451
San Francisquito 3,28.44024,112.84451,11-Jun-15,27.1,1.8,33.3,8.3,5,10.7,22,0.02,-112.84451
San Francisquito 3,28.44024,112.84451,11-Jun-15,27.1,1.8,33.3,8.3,6,7,22,0,-112.84451
San Lorenzo 6,28.5944,112.79105,12-Jun-15,25.6,0,32.7,9.6,1,11.2,23,0,-112.79105
San Lorenzo 6,28.5944,112.79105,12-Jun-15,25.6,0,32.7,9.6,2,11.3,24,0.02,-112.79105
San Lorenzo 6,28.5944,112.79105,12-Jun-15,25.6,0,32.7,9.6,3,11.2,24,0.02,-112.79105
San Lorenzo 6,28.5944,112.79105,12-Jun-15,25.6,0,32.7,9.6,4,6.5,24,0.06,-112.79105
San Lorenzo 6,28.5944,112.79105,12-Jun-15,25.6,0,32.7,9.6,5,6.3,24,0.02,-112.79105
San Lorenzo 6,28.5944,112.79105,12-Jun-15,25.6,0,32.7,9.6,6,6.5,21,0,-112.79105
San Lorenzo 5,28.61218,112.80464,12-Jun-15,25.1,1.2,33.1,9.6,1,10.6,22,0,-112.80464
San Lorenzo 5,28.61218,112.80464,12-Jun-15,25.1,1.2,33.1,9.6,2,10.4,21,0.02,-112.80464
San Lorenzo 5,28.61218,112.80464,12-Jun-15,25.1,1.2,33.1,9.6,3,10.6,21,0.02,-112.80464
San Lorenzo 5,28.61218,112.80464,12-Jun-15,25.1,1.2,33.1,9.6,4,5.8,21,0.02,-112.80464
San Lorenzo 5,28.61218,112.80464,12-Jun-15,25.1,1.2,33.1,9.6,5,5.5,21,0.02,-112.80464
San Lorenzo 5,28.61218,112.80464,12-Jun-15,25.1,1.2,33.1,9.6,6,5.8,21,0,-112.80464
San Lorenzo 4,28.62342,112.82265,12-Jun-15,30.1,1.3,33,9.1,1,15,23,0,-112.82265
San Lorenzo 4,28.62342,112.82265,12-Jun-15,30.1,1.3,33,9.1,2,14.7,22,0,-112.82265
San Lorenzo 4,28.62342,112.82265,12-Jun-15,30.1,1.3,33,9.1,3,10.5,21,0,-112.82265
San Lorenzo 4,28.62342,112.82265,12-Jun-15,30.1,1.3,33,9.1,4,11.5,21,0.02,-112.82265
San Lorenzo 4,28.62342,112.82265,12-Jun-15,30.1,1.3,33,9.1,5,5.2,21,0,-112.82265
San Lorenzo 4,28.62342,112.82265,12-Jun-15,30.1,1.3,33,9.1,6,4.5,21,0,-112.82265
San Lorenzo 6,28.5944,112.79105,12-Jun-15,25.6,0,32.7,9.6,1,11.2,23,0,-112.79105
San Lorenzo 6,28.5944,112.79105,12-Jun-15,25.6,0,32.7,9.6,2,11.3,24,0.02,-112.79105
San Lorenzo 6,28.5944,112.79105,12-Jun-15,25.6,0,32.7,9.6,3,11.2,24,0.02,-112.79105
San Lorenzo 6,28.5944,112.79105,12-Jun-15,25.6,0,32.7,9.6,4,6.5,24,0.06,-112.79105
San Lorenzo 6,28.5944,112.79105,12-Jun-15,25.6,0,32.7,9.6,5,6.3,24,0.02,-112.79105
San Lorenzo 6,28.5944,112.79105,12-Jun-15,25.6,0,32.7,9.6,6,6.5,21,0,-112.79105
San Lorenzo 5,28.61218,112.80464,12-Jun-15,25.1,1.2,33.1,9.6,1,10.6,22,0,-112.80464
San Lorenzo 5,28.61218,112.80464,12-Jun-15,25.1,1.2,33.1,9.6,2,10.4,21,0.02,-112.80464
San Lorenzo 5,28.61218,112.80464,12-Jun-15,25.1,1.2,33.1,9.6,3,10.6,21,0.02,-112.80464
San Lorenzo 5,28.61218,112.80464,12-Jun-15,25.1,1.2,33.1,9.6,4,5.8,21,0.02,-112.80464
San Lorenzo 5,28.61218,112.80464,12-Jun-15,25.1,1.2,33.1,9.6,5,5.5,21,0.02,-112.80464
San Lorenzo 5,28.61218,112.80464,12-Jun-15,25.1,1.2,33.1,9.6,6,5.8,21,0,-112.80464
San Lorenzo 4,28.62342,112.82265,12-Jun-15,30.1,1.3,33,9.1,1,15,23,0,-112.82265
San Lorenzo 4,28.62342,112.82265,12-Jun-15,30.1,1.3,33,9.1,2,14.7,22,0,-112.82265
San Lorenzo 4,28.62342,112.82265,12-Jun-15,30.1,1.3,33,9.1,3,10.5,21,0,-112.82265
San Lorenzo 4,28.62342,112.82265,12-Jun-15,30.1,1.3,33,9.1,4,11.5,21,0.02,-112.82265
San Lorenzo 4,28.62342,112.82265,12-Jun-15,30.1,1.3,33,9.1,5,5.2,21,0,-112.82265
San Lorenzo 4,28.62342,112.82265,12-Jun-15,30.1,1.3,33,9.1,6,4.5,21,0,-112.82265
San Francisquito 7,28.43219,112.87119,13-Jun-15,26.7,1.6,32.4,9.6,1,4.2,28,0.04,-112.87119
San Francisquito 7,28.43219,112.87119,13-Jun-15,26.7,1.6,32.4,9.6,2,4.7,24,0,-112.87119
San Francisquito 7,28.43219,112.87119,13-Jun-15,26.7,1.6,32.4,9.6,3,4,21,0.02,-112.87119
San Francisquito 7,28.43219,112.87119,13-Jun-15,26.7,1.6,32.4,9.6,4,4.2,20,0.02,-112.87119
San Francisquito 7,28.43219,112.87119,13-Jun-15,26.7,1.6,32.4,9.6,5,3.9,20,0.02,-112.87119
San Francisquito 7,28.43219,112.87119,13-Jun-15,26.7,1.6,32.4,9.6,6,3.8,20,0.02,-112.87119
San Francisquito 2,28.44674,112.87415,13-Jun-15,24.2,2.1,32.5,9.9,1,7,24,0.02,-112.87415
San Francisquito 2,28.44674,112.87415,13-Jun-15,24.2,2.1,32.5,9.9,2,5.5,22,0,-112.87415
San Francisquito 2,28.44674,112.87415,13-Jun-15,24.2,2.1,32.5,9.9,3,5.6,21,0,-112.87415
San Francisquito 2,28.44674,112.87415,13-Jun-15,24.2,2.1,32.5,9.9,4,5.7,20,0.06,-112.87415
San Francisquito 2,28.44674,112.87415,13-Jun-15,24.2,2.1,32.5,9.9,5,7.2,19,0,-112.87415
San Francisquito 2,28.44674,112.87415,13-Jun-15,24.2,2.1,32.5,9.9,6,7.1,19,0,-112.87415
San Francisquito 1,28.4605,112.88514,13-Jun-15,24,1.6,32.8,10,1,6.7,22,0.02,-112.88514
San Francisquito 1,28.4605,112.88514,13-Jun-15,24,1.6,32.8,10,2,6.1,21,0,-112.88514
San Francisquito 1,28.4605,112.88514,13-Jun-15,24,1.6,32.8,10,3,6.6,21,0,-112.88514
San Francisquito 1,28.4605,112.88514,13-Jun-15,24,1.6,32.8,10,4,7.6,21,0,-112.88514
San Francisquito 1,28.4605,112.88514,13-Jun-15,24,1.6,32.8,10,5,8.1,21,0,-112.88514
San Francisquito 1,28.4605,112.88514,13-Jun-15,24,1.6,32.8,10,6,8.2,21,0.02,-112.88514
San Francisquito 7,28.43219,112.87119,13-Jun-15,26.7,1.6,32.4,9.6,1,4.2,28,0.04,-112.87119
San Francisquito 7,28.43219,112.87119,13-Jun-15,26.7,1.6,32.4,9.6,2,4.7,24,0,-112.87119
San Francisquito 7,28.43219,112.87119,13-Jun-15,26.7,1.6,32.4,9.6,3,4,21,0.02,-112.87119
San Francisquito 7,28.43219,112.87119,13-Jun-15,26.7,1.6,32.4,9.6,4,4.2,20,0.02,-112.87119
San Francisquito 7,28.43219,112.87119,13-Jun-15,26.7,1.6,32.4,9.6,5,3.9,20,0.02,-112.87119
San Francisquito 7,28.43219,112.87119,13-Jun-15,26.7,1.6,32.4,9.6,6,3.8,20,0.02,-112.87119
San Francisquito 2,28.44674,112.87415,13-Jun-15,24.2,2.1,32.5,9.9,1,7,24,0.02,-112.87415
San Francisquito 2,28.44674,112.87415,13-Jun-15,24.2,2.1,32.5,9.9,2,5.5,22,0,-112.87415
San Francisquito 2,28.44674,112.87415,13-Jun-15,24.2,2.1,32.5,9.9,3,5.6,21,0,-112.87415
San Francisquito 2,28.44674,112.87415,13-Jun-15,24.2,2.1,32.5,9.9,4,5.7,20,0.06,-112.87415
San Francisquito 2,28.44674,112.87415,13-Jun-15,24.2,2.1,32.5,9.9,5,7.2,19,0,-112.87415
San Francisquito 2,28.44674,112.87415,13-Jun-15,24.2,2.1,32.5,9.9,6,7.1,19,0,-112.87415
San Francisquito 1,28.4605,112.88514,13-Jun-15,24,1.6,32.8,10,1,6.7,22,0.02,-112.88514
San Francisquito 1,28.4605,112.88514,13-Jun-15,24,1.6,32.8,10,2,6.1,21,0,-112.88514
San Francisquito 1,28.4605,112.88514,13-Jun-15,24,1.6,32.8,10,3,6.6,21,0,-112.88514
San Francisquito 1,28.4605,112.88514,13-Jun-15,24,1.6,32.8,10,4,7.6,21,0,-112.88514
San Francisquito 1,28.4605,112.88514,13-Jun-15,24,1.6,32.8,10,5,8.1,21,0,-112.88514
San Francisquito 1,28.4605,112.88514,13-Jun-15,24,1.6,32.8,10,6,8.2,21,0.02,-112.88514
Tortuga,29.05177,113.51384,14-Jun-15,22,2.5,32.3,10,1,16.7,22,0.08,-113.51384
Tortuga,29.05177,113.51384,14-Jun-15,22,2.5,32.3,10,2,10.2,21,0,-113.51384
Tortuga,29.05177,113.51384,14-Jun-15,22,2.5,32.3,10,3,10.2,21,0.08,-113.51384
Tortuga,29.05177,113.51384,14-Jun-15,22,2.5,32.3,10,4,9.9,21,0.04,-113.51384
Tortuga,29.05177,113.51384,14-Jun-15,22,2.5,32.3,10,5,5.1,21,0.02,-113.51384
Tortuga,29.05177,113.51384,14-Jun-15,22,2.5,32.3,10,6,4.6,21,0.04,-113.51384
Ramita Sur,29.06098,113.51264,14-Jun-15,24,0,32.2,10,1,10.1,23,0,-113.51264
Ramita Sur,29.06098,113.51264,14-Jun-15,24,0,32.2,10,2,9.6,22,0.04,-113.51264
Ramita Sur,29.06098,113.51264,14-Jun-15,24,0,32.2,10,3,9.7,22,0,-113.51264
Ramita Sur,29.06098,113.51264,14-Jun-15,24,0,32.2,10,4,5,22,0.06,-113.51264
Ramita Sur,29.06098,113.51264,14-Jun-15,24,0,32.2,10,5,5.3,22,0.06,-113.51264
Ramita Sur,29.06098,113.51264,14-Jun-15,24,0,32.2,10,6,5.1,22,0,-113.51264
Polilla Sur,29.07643,113.52039,14-Jun-15,26.5,0.6,33.3,10,1,20.3,23,0.02,-113.52039
Polilla Sur,29.07643,113.52039,14-Jun-15,26.5,0.6,33.3,10,2,19.7,22,0.06,-113.52039
Polilla Sur,29.07643,113.52039,14-Jun-15,26.5,0.6,33.3,10,3,12,21,0.14,-113.52039
Polilla Sur,29.07643,113.52039,14-Jun-15,26.5,0.6,33.3,10,4,11.7,21,0.16,-113.52039
Polilla Sur,29.07643,113.52039,14-Jun-15,26.5,0.6,33.3,10,5,6.4,21,0.06,-113.52039
Polilla Sur,29.07643,113.52039,14-Jun-15,26.5,0.6,33.3,10,6,6.4,21,0.04,-113.52039
Llave,28.99941,113.5198,15-Jun-15,23,1.2,33.2,10,1,15.5,24,0.04,-113.5198
Llave,28.99941,113.5198,15-Jun-15,23,1.2,33.2,10,2,17,23,0.08,-113.5198
Llave,28.99941,113.5198,15-Jun-15,23,1.2,33.2,10,3,10.3,21,0.04,-113.5198
Llave,28.99941,113.5198,15-Jun-15,23,1.2,33.2,10,4,11.3,21,0.16,-113.5198
Llave,28.99941,113.5198,15-Jun-15,23,1.2,33.2,10,5,4.9,22,0.2,-113.5198
Llave,28.99941,113.5198,15-Jun-15,23,1.2,33.2,10,6,4.3,22,0.1,-113.5198
Bota Norte,29.01648,113.51512,15-Jun-15,24.7,1.1,33.1,10,1,17,24,0.06,-113.51512
Bota Norte,29.01648,113.51512,15-Jun-15,24.7,1.1,33.1,10,2,19,23,0.12,-113.51512
Bota Norte,29.01648,113.51512,15-Jun-15,24.7,1.1,33.1,10,3,12.3,22,0.02,-113.51512
Bota Norte,29.01648,113.51512,15-Jun-15,24.7,1.1,33.1,10,4,12.2,22,0.08,-113.51512
Bota Norte,29.01648,113.51512,15-Jun-15,24.7,1.1,33.1,10,5,6.5,23,0,-113.51512
Bota Norte,29.01648,113.51512,15-Jun-15,24.7,1.1,33.1,10,6,7.7,23,0,-113.51512
Calavera,29.0274,113.49908,15-Jun-15,25.3,0.8,33.1,10,1,21.2,24,0.08,-113.49908
Calavera,29.0274,113.49908,15-Jun-15,25.3,0.8,33.1,10,2,20.3,22,0.04,-113.49908
Calavera,29.0274,113.49908,15-Jun-15,25.3,0.8,33.1,10,3,14,22,0,-113.49908
Calavera,29.0274,113.49908,15-Jun-15,25.3,0.8,33.1,10,4,14.1,22,0.02,-113.49908
Calavera,29.0274,113.49908,15-Jun-15,25.3,0.8,33.1,10,5,7.4,22,0.02,-113.49908
Calavera,29.0274,113.49908,15-Jun-15,25.3,0.8,33.1,10,6,6.9,22,0,-113.49908
Sur Isla Ángel de la Guarda,28.99347,113.12897,14-Jul-15,26.2,2.7,34.1,4.6,1,4.5,25,0,-113.12897
Sur Isla Ángel de la Guarda,28.99347,113.12897,14-Jul-15,26.2,2.7,34.1,4.6,2,3.6,24,0,-113.12897
Sur Isla Ángel de la Guarda,28.99347,113.12897,14-Jul-15,26.2,2.7,34.1,4.6,3,4.9,24,0,-113.12897
Sur Isla Ángel de la Guarda,28.99347,113.12897,14-Jul-15,26.2,2.7,34.1,4.6,4,4,24,0.04,-113.12897
Sur Isla Ángel de la Guarda,28.99347,113.12897,14-Jul-15,26.2,2.7,34.1,4.6,5,4.1,24,0.04,-113.12897
Sur Isla Ángel de la Guarda,28.99347,113.12897,14-Jul-15,26.2,2.7,34.1,4.6,6,6.2,25,0.06,-113.12897
Víbora Sur,29.06158,113.0885,14-Jul-15,29,2.3,33,5.8,1,4.5,29,0.02,-113.0885
Víbora Sur,29.06158,113.0885,14-Jul-15,29,2.3,33,5.8,2,4.4,28,0.14,-113.0885
Víbora Sur,29.06158,113.0885,14-Jul-15,29,2.3,33,5.8,3,4.8,27,0.1,-113.0885
Víbora Sur,29.06158,113.0885,14-Jul-15,29,2.3,33,5.8,4,6,27,0.1,-113.0885
Víbora Sur,29.06158,113.0885,14-Jul-15,29,2.3,33,5.8,5,5.6,27,0.06,-113.0885
Víbora Sur,29.06158,113.0885,14-Jul-15,29,2.3,33,5.8,6,5.4,27,0.1,-113.0885
Víbora Norte,29.06289,113.09728,14-Jul-15,26.7,1.1,32.5,4,1,5.4,27,0.02,-113.09728
Víbora Norte,29.06289,113.09728,14-Jul-15,26.7,1.1,32.5,4,2,4.9,26,0,-113.09728
Víbora Norte,29.06289,113.09728,14-Jul-15,26.7,1.1,32.5,4,3,5.9,26,0,-113.09728
Víbora Norte,29.06289,113.09728,14-Jul-15,26.7,1.1,32.5,4,4,6.3,26,0,-113.09728
Víbora Norte,29.06289,113.09728,14-Jul-15,26.7,1.1,32.5,4,5,5.4,26,0,-113.09728
Víbora Norte,29.06289,113.09728,14-Jul-15,26.7,1.1,32.5,4,6,5.5,26,0.04,-113.09728
San Bernabé,28.79929,113.2025,16-Jul-15,29.9,3.1,30.3,5.8,1,11.3,27,0.02,-113.2025
San Bernabé,28.79929,113.2025,16-Jul-15,29.9,3.1,30.3,5.8,2,10.8,26,0,-113.2025
San Bernabé,28.79929,113.2025,16-Jul-15,29.9,3.1,30.3,5.8,3,11.5,25,0.02,-113.2025
San Bernabé,28.79929,113.2025,16-Jul-15,29.9,3.1,30.3,5.8,4,6.1,25,0.04,-113.2025
San Bernabé,28.79929,113.2025,16-Jul-15,29.9,3.1,30.3,5.8,5,5.4,25,0.06,-113.2025
San Bernabé,28.79929,113.2025,16-Jul-15,29.9,3.1,30.3,5.8,6,6.7,25,0.14,-113.2025
San Bernabé,28.79929,113.2025,16-Jul-15,29.9,3.1,30.3,5.8,1,11.3,27,0.02,-113.2025
San Bernabé,28.79929,113.2025,16-Jul-15,29.9,3.1,30.3,5.8,2,10.8,26,0,-113.2025
San Bernabé,28.79929,113.2025,16-Jul-15,29.9,3.1,30.3,5.8,3,11.5,25,0.02,-113.2025
San Bernabé,28.79929,113.2025,16-Jul-15,29.9,3.1,30.3,5.8,4,6.1,25,0.04,-113.2025
San Bernabé,28.79929,113.2025,16-Jul-15,29.9,3.1,30.3,5.8,5,5.4,25,0.06,-113.2025
San Bernabé,28.79929,113.2025,16-Jul-15,29.9,3.1,30.3,5.8,6,6.7,25,0.14,-113.2025
Ventana Sur,28.8192,113.21543,16-Jul-15,29.5,6.7,30.3,5.9,1,11,26,0.02,-113.21543
Ventana Sur,28.8192,113.21543,16-Jul-15,29.5,6.7,30.3,5.9,2,11.2,26,0,-113.21543
Ventana Sur,28.8192,113.21543,16-Jul-15,29.5,6.7,30.3,5.9,3,10.1,26,0.04,-113.21543
Ventana Sur,28.8192,113.21543,16-Jul-15,29.5,6.7,30.3,5.9,4,6.9,26,0,-113.21543
Ventana Sur,28.8192,113.21543,16-Jul-15,29.5,6.7,30.3,5.9,5,7.6,26,0.04,-113.21543
Ventana Sur,28.8192,113.21543,16-Jul-15,29.5,6.7,30.3,5.9,6,7.5,26,0,-113.21543
Choros Sur,28.83576,113.23632,16-Jul-15,29.7,1.1,30.6,5.9,1,16.4,26,0.04,-113.23632
Choros Sur,28.83576,113.23632,16-Jul-15,29.7,1.1,30.6,5.9,2,5.1,26,0.02,-113.23632
Choros Sur,28.83576,113.23632,16-Jul-15,29.7,1.1,30.6,5.9,3,10.5,26,0,-113.23632
Choros Sur,28.83576,113.23632,16-Jul-15,29.7,1.1,30.6,5.9,4,10.6,26,0.04,-113.23632
Choros Sur,28.83576,113.23632,16-Jul-15,29.7,1.1,30.6,5.9,5,5.6,26,0,-113.23632
Choros Sur,28.83576,113.23632,16-Jul-15,29.7,1.1,30.6,5.9,6,6,26,0,-113.23632
Garanón,28.81589,113.29562,17-Jul-15,29,0,32.7,5.6,1,7.1,26,0.02,-113.29562
Garanón,28.81589,113.29562,17-Jul-15,29,0,32.7,5.6,2,8.5,26,0.06,-113.29562
Garanón,28.81589,113.29562,17-Jul-15,29,0,32.7,5.6,3,8.8,26,0.1,-113.29562
Garanón,28.81589,113.29562,17-Jul-15,29,0,32.7,5.6,4,7.3,26,0,-113.29562
Garanón,28.81589,113.29562,17-Jul-15,29,0,32.7,5.6,5,8.9,26,0.02,-113.29562
Garanón,28.81589,113.29562,17-Jul-15,29,0,32.7,5.6,6,8.5,26,0,-113.29562
Coyote,28.83142,113.27383,17-Jul-15,29.8,0,32.6,5.9,1,12.2,26,0.04,-113.27383
Coyote,28.83142,113.27383,17-Jul-15,29.8,0,32.6,5.9,2,13.8,26,0.02,-113.27383
Coyote,28.83142,113.27383,17-Jul-15,29.8,0,32.6,5.9,3,12.8,26,0,-113.27383
Coyote,28.83142,113.27383,17-Jul-15,29.8,0,32.6,5.9,4,6.5,26,0.04,-113.27383
Coyote,28.83142,113.27383,17-Jul-15,29.8,0,32.6,5.9,5,6.6,26,0,-113.27383
Coyote,28.83142,113.27383,17-Jul-15,29.8,0,32.6,5.9,6,6.5,26,0,-113.27383
Punta Choros,28.83937,113.24856,17-Jul-15,29.2,1.4,32.5,5.8,1,12.4,28,0.06,-113.24856
Punta Choros,28.83937,113.24856,17-Jul-15,29.2,1.4,32.5,5.8,2,14.3,26,0.02,-113.24856
Punta Choros,28.83937,113.24856,17-Jul-15,29.2,1.4,32.5,5.8,3,13.3,26,0.1,-113.24856
Punta Choros,28.83937,113.24856,17-Jul-15,29.2,1.4,32.5,5.8,4,7,26,0.04,-113.24856
Punta Choros,28.83937,113.24856,17-Jul-15,29.2,1.4,32.5,5.8,5,6,26,0.08,-113.24856
Punta Choros,28.83937,113.24856,17-Jul-15,29.2,1.4,32.5,5.8,6,6.1,26,0.06,-113.24856
Punta La Loba,29.00792,113.15103,19-Jul-15,29.2,0,33.4,5.9,1,6.4,28,0.04,-113.15103
Punta La Loba,29.00792,113.15103,19-Jul-15,29.2,0,33.4,5.9,2,6.5,27,0.02,-113.15103
Punta La Loba,29.00792,113.15103,19-Jul-15,29.2,0,33.4,5.9,3,7,27,0.1,-113.15103
Punta La Loba,29.00792,113.15103,19-Jul-15,29.2,0,33.4,5.9,4,6.9,27,0.02,-113.15103
Punta La Loba,29.00792,113.15103,19-Jul-15,29.2,0,33.4,5.9,5,6.7,27,0.02,-113.15103
Punta La Loba,29.00792,113.15103,19-Jul-15,29.2,0,33.4,5.9,6,6.6,27,0.02,-113.15103
Punta El Chino,29.06422,113.23858,19-Jul-15,29.8,0,34.4,6.1,1,18.9,26,0.1,-113.23858
Punta El Chino,29.06422,113.23858,19-Jul-15,29.8,0,34.4,6.1,2,19.4,25,0.12,-113.23858
Punta El Chino,29.06422,113.23858,19-Jul-15,29.8,0,34.4,6.1,3,12.3,25,0.12,-113.23858
Punta El Chino,29.06422,113.23858,19-Jul-15,29.8,0,34.4,6.1,4,12.5,26,0.08,-113.23858
Punta El Chino,29.06422,113.23858,19-Jul-15,29.8,0,34.4,6.1,5,6.8,26,0.2,-113.23858
Punta El Chino,29.06422,113.23858,19-Jul-15,29.8,0,34.4,6.1,6,5.9,26,0.16,-113.23858
Punta Víctor,29.11206,113.27456,19-Jul-15,29,4.2,33.6,5.9,1,11,27,0.02,-113.27456
Punta Víctor,29.11206,113.27456,19-Jul-15,29,4.2,33.6,5.9,2,10.7,26,0.02,-113.27456
Punta Víctor,29.11206,113.27456,19-Jul-15,29,4.2,33.6,5.9,3,10.9,26,0.04,-113.27456
Punta Víctor,29.11206,113.27456,19-Jul-15,29,4.2,33.6,5.9,4,5.9,27,0.08,-113.27456
Punta Víctor,29.11206,113.27456,19-Jul-15,29,4.2,33.6,5.9,5,5.8,27,0.02,-113.27456
Punta Víctor,29.11206,113.27456,19-Jul-15,29,4.2,33.6,5.9,6,5.1,27,0.1,-113.27456
Alcatraz,29.15219,113.60631,20-Jul-15,28.2,6.2,32.2,5.9,1,16.3,27,0.06,-113.60631
Alcatraz,29.15219,113.60631,20-Jul-15,28.2,6.2,32.2,5.9,2,17.8,27,0.02,-113.60631
Alcatraz,29.15219,113.60631,20-Jul-15,28.2,6.2,32.2,5.9,3,10.7,27,0.14,-113.60631
Alcatraz,29.15219,113.60631,20-Jul-15,28.2,6.2,32.2,5.9,4,10.3,27,0.1,-113.60631
Alcatraz,29.15219,113.60631,20-Jul-15,28.2,6.2,32.2,5.9,5,5.9,27,0.14,-113.60631
Alcatraz,29.15219,113.60631,20-Jul-15,28.2,6.2,32.2,5.9,6,6.7,27,0.1,-113.60631
Punta Remedio,29.28569,113.64108,20-Jul-15,28,0,32.6,6.1,1,10.1,28,0,-113.64108
Punta Remedio,29.28569,113.64108,20-Jul-15,28,0,32.6,6.1,2,10.9,28,0.02,-113.64108
Punta Remedio,29.28569,113.64108,20-Jul-15,28,0,32.6,6.1,3,4.5,28,0.02,-113.64108
Punta Remedio,29.28569,113.64108,20-Jul-15,28,0,32.6,6.1,4,6,28,0,-113.64108
Punta Remedio,29.28569,113.64108,20-Jul-15,28,0,32.6,6.1,5,5.6,28,0.08,-113.64108
Punta Remedio,29.28569,113.64108,20-Jul-15,28,0,32.6,6.1,6,5.6,28,0.04,-113.64108
Chivero,29.30278,113.66092,20-Jul-15,28.3,0,32.4,6.3,1,12.1,28,0,-113.66092
Chivero,29.30278,113.66092,20-Jul-15,28.3,0,32.4,6.3,2,8.9,28,0.04,-113.66092
San Lorenzo 3,28.6439,112.86176,18-Aug-15,28.9,1.6,34.2,4.92,1,8.7,28,0,-112.86176
San Lorenzo 3,28.6439,112.86176,18-Aug-15,28.9,1.6,34.2,4.92,2,8.1,28,0.02,-112.86176
San Lorenzo 3,28.6439,112.86176,18-Aug-15,28.9,1.6,34.2,4.92,3,7.2,28,0.04,-112.86176
San Lorenzo 3,28.6439,112.86176,18-Aug-15,28.9,1.6,34.2,4.92,4,3.9,28,0.02,-112.86176
San Lorenzo 3,28.6439,112.86176,18-Aug-15,28.9,1.6,34.2,4.92,5,3.9,28,0.14,-112.86176
San Lorenzo 3,28.6439,112.86176,18-Aug-15,28.9,1.6,34.2,4.92,6,3.4,28,0.06,-112.86176
San Lorenzo 2,28.64523,112.86768,18-Aug-15,30.2,2.8,34.2,4.9,1,18.7,28,0.06,-112.86768
San Lorenzo 2,28.64523,112.86768,18-Aug-15,30.2,2.8,34.2,4.9,2,18.6,27,0.04,-112.86768
San Lorenzo 2,28.64523,112.86768,18-Aug-15,30.2,2.8,34.2,4.9,3,12.2,27,0.04,-112.86768
San Lorenzo 2,28.64523,112.86768,18-Aug-15,30.2,2.8,34.2,4.9,4,11.7,27,0.06,-112.86768
San Lorenzo 2,28.64523,112.86768,18-Aug-15,30.2,2.8,34.2,4.9,5,6.2,28,0.04,-112.86768
San Lorenzo 2,28.64523,112.86768,18-Aug-15,30.2,2.8,34.2,4.9,6,6.2,28,0.04,-112.86768
San Lorenzo 1,28.67385,112.8898,18-Aug-15,30.3,2,34.6,5.01,1,16.4,29,0,-112.8898
San Lorenzo 1,28.67385,112.8898,18-Aug-15,30.3,2,34.6,5.01,2,16.3,27,0.16,-112.8898
San Lorenzo 1,28.67385,112.8898,18-Aug-15,30.3,2,34.6,5.01,3,10.4,27,0.08,-112.8898
San Lorenzo 1,28.67385,112.8898,18-Aug-15,30.3,2,34.6,5.01,4,10.4,27,0.04,-112.8898
San Lorenzo 1,28.67385,112.8898,18-Aug-15,30.3,2,34.6,5.01,5,5.4,28,0.02,-112.8898
San Lorenzo 1,28.67385,112.8898,18-Aug-15,30.3,2,34.6,5.01,6,5.5,28,0.02,-112.8898
San Lorenzo 3,28.6439,112.86176,18-Aug-15,28.9,1.6,34.2,4.92,1,8.7,28,0,-112.86176
San Lorenzo 3,28.6439,112.86176,18-Aug-15,28.9,1.6,34.2,4.92,2,8.1,28,0.02,-112.86176
San Lorenzo 3,28.6439,112.86176,18-Aug-15,28.9,1.6,34.2,4.92,3,7.2,28,0.04,-112.86176
San Lorenzo 3,28.6439,112.86176,18-Aug-15,28.9,1.6,34.2,4.92,4,3.9,28,0.02,-112.86176
San Lorenzo 3,28.6439,112.86176,18-Aug-15,28.9,1.6,34.2,4.92,5,3.9,28,0.14,-112.86176
San Lorenzo 3,28.6439,112.86176,18-Aug-15,28.9,1.6,34.2,4.92,6,3.4,28,0.06,-112.86176
San Lorenzo 2,28.64523,112.86768,18-Aug-15,30.2,2.8,34.2,4.9,1,18.7,28,0.06,-112.86768
San Lorenzo 2,28.64523,112.86768,18-Aug-15,30.2,2.8,34.2,4.9,2,18.6,27,0.04,-112.86768
San Lorenzo 2,28.64523,112.86768,18-Aug-15,30.2,2.8,34.2,4.9,3,12.2,27,0.04,-112.86768
San Lorenzo 2,28.64523,112.86768,18-Aug-15,30.2,2.8,34.2,4.9,4,11.7,27,0.06,-112.86768
San Lorenzo 2,28.64523,112.86768,18-Aug-15,30.2,2.8,34.2,4.9,5,6.2,28,0.04,-112.86768
San Lorenzo 2,28.64523,112.86768,18-Aug-15,30.2,2.8,34.2,4.9,6,6.2,28,0.04,-112.86768
San Lorenzo 1,28.67385,112.8898,18-Aug-15,30.3,2,34.6,5.01,1,16.4,29,0,-112.8898
San Lorenzo 1,28.67385,112.8898,18-Aug-15,30.3,2,34.6,5.01,2,16.3,27,0.16,-112.8898
San Lorenzo 1,28.67385,112.8898,18-Aug-15,30.3,2,34.6,5.01,3,10.4,27,0.08,-112.8898
San Lorenzo 1,28.67385,112.8898,18-Aug-15,30.3,2,34.6,5.01,4,10.4,27,0.04,-112.8898
San Lorenzo 1,28.67385,112.8898,18-Aug-15,30.3,2,34.6,5.01,5,5.4,28,0.02,-112.8898
San Lorenzo 1,28.67385,112.8898,18-Aug-15,30.3,2,34.6,5.01,6,5.5,28,0.02,-112.8898
San Lorenzo 6,28.5944,112.79105,19-Aug-15,30.3,5.4,34.2,4.18,1,15.6,28,0.02,-112.79105
San Lorenzo 6,28.5944,112.79105,19-Aug-15,30.3,5.4,34.2,4.18,2,16.3,27,0.02,-112.79105
San Lorenzo 6,28.5944,112.79105,19-Aug-15,30.3,5.4,34.2,4.18,3,10.4,27,0,-112.79105
San Lorenzo 6,28.5944,112.79105,19-Aug-15,30.3,5.4,34.2,4.18,4,10.1,28,0.04,-112.79105
San Lorenzo 6,28.5944,112.79105,19-Aug-15,30.3,5.4,34.2,4.18,5,5.7,29,0.04,-112.79105
San Lorenzo 6,28.5944,112.79105,19-Aug-15,30.3,5.4,34.2,4.18,6,5.5,29,0.02,-112.79105
San Lorenzo 5,28.61218,112.80436,19-Aug-15,30.2,2.1,34.9,4.87,1,12.3,28,0.02,-112.80436
San Lorenzo 5,28.61218,112.80436,19-Aug-15,30.2,2.1,34.9,4.87,2,12.8,28,0,-112.80436
San Lorenzo 5,28.61218,112.80436,19-Aug-15,30.2,2.1,34.9,4.87,3,13.1,28,0,-112.80436
San Lorenzo 5,28.61218,112.80436,19-Aug-15,30.2,2.1,34.9,4.87,4,6.9,28,0.02,-112.80436
San Lorenzo 5,28.61218,112.80436,19-Aug-15,30.2,2.1,34.9,4.87,5,7.1,28,0.06,-112.80436
San Lorenzo 5,28.61218,112.80436,19-Aug-15,30.2,2.1,34.9,4.87,6,6.9,29,0.1,-112.80436
San Lorenzo 4,28.62342,112.82265,19-Aug-15,30.5,1.7,34.8,5.1,1,20.4,28,0,-112.82265
San Lorenzo 4,28.62342,112.82265,19-Aug-15,30.5,1.7,34.8,5.1,2,19.5,27,0,-112.82265
San Lorenzo 4,28.62342,112.82265,19-Aug-15,30.5,1.7,34.8,5.1,3,12.5,28,0.02,-112.82265
San Lorenzo 4,28.62342,112.82265,19-Aug-15,30.5,1.7,34.8,5.1,4,12.5,28,0,-112.82265
San Lorenzo 4,28.62342,112.82265,19-Aug-15,30.5,1.7,34.8,5.1,5,6.7,29,0,-112.82265
San Lorenzo 4,28.62342,112.82265,19-Aug-15,30.5,1.7,34.8,5.1,6,7.1,29,0,-112.82265
San Lorenzo 6,28.5944,112.79105,19-Aug-15,30.3,5.4,34.2,4.18,1,15.6,28,0.02,-112.79105
San Lorenzo 6,28.5944,112.79105,19-Aug-15,30.3,5.4,34.2,4.18,2,16.3,27,0.02,-112.79105
San Lorenzo 6,28.5944,112.79105,19-Aug-15,30.3,5.4,34.2,4.18,3,10.4,27,0,-112.79105
San Lorenzo 6,28.5944,112.79105,19-Aug-15,30.3,5.4,34.2,4.18,4,10.1,28,0.04,-112.79105
San Lorenzo 6,28.5944,112.79105,19-Aug-15,30.3,5.4,34.2,4.18,5,5.7,29,0.04,-112.79105
San Lorenzo 6,28.5944,112.79105,19-Aug-15,30.3,5.4,34.2,4.18,6,5.5,29,0.02,-112.79105
San Lorenzo 5,28.61218,112.80436,19-Aug-15,30.2,2.1,34.9,4.87,1,12.3,28,0.02,-112.80436
San Lorenzo 5,28.61218,112.80436,19-Aug-15,30.2,2.1,34.9,4.87,2,12.8,28,0,-112.80436
San Lorenzo 5,28.61218,112.80436,19-Aug-15,30.2,2.1,34.9,4.87,3,13.1,28,0,-112.80436
San Lorenzo 5,28.61218,112.80436,19-Aug-15,30.2,2.1,34.9,4.87,4,6.9,28,0.02,-112.80436
San Lorenzo 5,28.61218,112.80436,19-Aug-15,30.2,2.1,34.9,4.87,5,7.1,28,0.06,-112.80436
San Lorenzo 5,28.61218,112.80436,19-Aug-15,30.2,2.1,34.9,4.87,6,6.9,29,0.1,-112.80436
San Lorenzo 4,28.62342,112.82265,19-Aug-15,30.5,1.7,34.8,5.1,1,20.4,28,0,-112.82265
San Lorenzo 4,28.62342,112.82265,19-Aug-15,30.5,1.7,34.8,5.1,2,19.5,27,0,-112.82265
San Lorenzo 4,28.62342,112.82265,19-Aug-15,30.5,1.7,34.8,5.1,3,12.5,28,0.02,-112.82265
San Lorenzo 4,28.62342,112.82265,19-Aug-15,30.5,1.7,34.8,5.1,4,12.5,28,0,-112.82265
San Lorenzo 4,28.62342,112.82265,19-Aug-15,30.5,1.7,34.8,5.1,5,6.7,29,0,-112.82265
San Lorenzo 4,28.62342,112.82265,19-Aug-15,30.5,1.7,34.8,5.1,6,7.1,29,0,-112.82265
San Francisquito 7,28.43219,112.87119,20-Aug-15,29.5,7.2,34,4.84,1,4,28,0.04,-112.87119
San Francisquito 7,28.43219,112.87119,20-Aug-15,29.5,7.2,34,4.84,2,3.8,27,0.06,-112.87119
San Francisquito 7,28.43219,112.87119,20-Aug-15,29.5,7.2,34,4.84,3,4.1,27,0.06,-112.87119
San Francisquito 7,28.43219,112.87119,20-Aug-15,29.5,7.2,34,4.84,4,4.1,27,0.04,-112.87119
San Francisquito 7,28.43219,112.87119,20-Aug-15,29.5,7.2,34,4.84,5,3.8,27,0.06,-112.87119
San Francisquito 7,28.43219,112.87119,20-Aug-15,29.5,7.2,34,4.84,6,4.7,27,0.06,-112.87119
San Francisquito 2,28.44674,112.87415,20-Aug-15,29.4,6.8,34.5,5.2,1,5.4,28,0.02,-112.87415
San Francisquito 2,28.44674,112.87415,20-Aug-15,29.4,6.8,34.5,5.2,2,5.3,28,0.02,-112.87415
San Francisquito 2,28.44674,112.87415,20-Aug-15,29.4,6.8,34.5,5.2,3,7.5,28,0,-112.87415
San Francisquito 2,28.44674,112.87415,20-Aug-15,29.4,6.8,34.5,5.2,4,8.5,28,0.04,-112.87415
San Francisquito 2,28.44674,112.87415,20-Aug-15,29.4,6.8,34.5,5.2,5,8,27,0,-112.87415
San Francisquito 2,28.44674,112.87415,20-Aug-15,29.4,6.8,34.5,5.2,6,7.7,27,0.04,-112.87415
San Francisquito 1,28.4605,112.88514,20-Aug-15,30,5.9,34.5,5.16,1,6.8,28,0,-112.88514
San Francisquito 1,28.4605,112.88514,20-Aug-15,30,5.9,34.5,5.16,2,6.8,28,0.02,-112.88514
San Francisquito 1,28.4605,112.88514,20-Aug-15,30,5.9,34.5,5.16,3,7.1,28,0,-112.88514
San Francisquito 1,28.4605,112.88514,20-Aug-15,30,5.9,34.5,5.16,4,7,28,0,-112.88514
San Francisquito 1,28.4605,112.88514,20-Aug-15,30,5.9,34.5,5.16,5,7.1,28,0,-112.88514
San Francisquito 1,28.4605,112.88514,20-Aug-15,30,5.9,34.5,5.16,6,7.5,28,0.04,-112.88514
San Francisquito 7,28.43219,112.87119,20-Aug-15,29.5,7.2,34,4.84,1,4,28,0.04,-112.87119
San Francisquito 7,28.43219,112.87119,20-Aug-15,29.5,7.2,34,4.84,2,3.8,27,0.06,-112.87119
San Francisquito 7,28.43219,112.87119,20-Aug-15,29.5,7.2,34,4.84,3,4.1,27,0.06,-112.87119
San Francisquito 7,28.43219,112.87119,20-Aug-15,29.5,7.2,34,4.84,4,4.1,27,0.04,-112.87119
San Francisquito 7,28.43219,112.87119,20-Aug-15,29.5,7.2,34,4.84,5,3.8,27,0.06,-112.87119
San Francisquito 7,28.43219,112.87119,20-Aug-15,29.5,7.2,34,4.84,6,4.7,27,0.06,-112.87119
San Francisquito 2,28.44674,112.87415,20-Aug-15,29.4,6.8,34.5,5.2,1,5.4,28,0.02,-112.87415
San Francisquito 2,28.44674,112.87415,20-Aug-15,29.4,6.8,34.5,5.2,2,5.3,28,0.02,-112.87415
San Francisquito 2,28.44674,112.87415,20-Aug-15,29.4,6.8,34.5,5.2,3,7.5,28,0,-112.87415
San Francisquito 2,28.44674,112.87415,20-Aug-15,29.4,6.8,34.5,5.2,4,8.5,28,0.04,-112.87415
San Francisquito 2,28.44674,112.87415,20-Aug-15,29.4,6.8,34.5,5.2,5,8,27,0,-112.87415
San Francisquito 2,28.44674,112.87415,20-Aug-15,29.4,6.8,34.5,5.2,6,7.7,27,0.04,-112.87415
San Francisquito 1,28.4605,112.88514,20-Aug-15,30,5.9,34.5,5.16,1,6.8,28,0,-112.88514
San Francisquito 1,28.4605,112.88514,20-Aug-15,30,5.9,34.5,5.16,2,6.8,28,0.02,-112.88514
San Francisquito 1,28.4605,112.88514,20-Aug-15,30,5.9,34.5,5.16,3,7.1,28,0,-112.88514
San Francisquito 1,28.4605,112.88514,20-Aug-15,30,5.9,34.5,5.16,4,7,28,0,-112.88514
San Francisquito 1,28.4605,112.88514,20-Aug-15,30,5.9,34.5,5.16,5,7.1,28,0,-112.88514
San Francisquito 1,28.4605,112.88514,20-Aug-15,30,5.9,34.5,5.16,6,7.5,28,0.04,-112.88514
La Mancha,28.32143,112.87096,21-Aug-15,35,8.6,34,5.69,1,5.1,27,0,-112.87096
La Mancha,28.32143,112.87096,21-Aug-15,35,8.6,34,5.69,2,4.9,29,0,-112.87096
La Mancha,28.32143,112.87096,21-Aug-15,35,8.6,34,5.69,3,5.3,29,0,-112.87096
La Mancha,28.32143,112.87096,21-Aug-15,35,8.6,34,5.69,4,5.8,28,0.02,-112.87096
La Mancha,28.32143,112.87096,21-Aug-15,35,8.6,34,5.69,5,5.7,28,0.02,-112.87096
La Mancha,28.32143,112.87096,21-Aug-15,35,8.6,34,5.69,6,5.3,28,0.02,-112.87096
San Francisquito 6,28.43316,112.86488,21-Aug-15,30.8,3.9,34.5,5.09,1,12.4,27,0.04,-112.86488
San Francisquito 6,28.43316,112.86488,21-Aug-15,30.8,3.9,34.5,5.09,2,10.9,26,0.08,-112.86488
San Francisquito 6,28.43316,112.86488,21-Aug-15,30.8,3.9,34.5,5.09,3,9.4,26,0,-112.86488
San Francisquito 6,28.43316,112.86488,21-Aug-15,30.8,3.9,34.5,5.09,4,5.9,27,0.16,-112.86488
San Francisquito 6,28.43316,112.86488,21-Aug-15,30.8,3.9,34.5,5.09,5,7.5,28,0.06,-112.86488
San Francisquito 6,28.43316,112.86488,21-Aug-15,30.8,3.9,34.5,5.09,6,7.7,28,0.04,-112.86488
San Francisquito 4,28.43884,112.86009,21-Aug-15,30.7,9.2,34.5,5.17,1,10.3,29,0.02,-112.86009
San Francisquito 4,28.43884,112.86009,21-Aug-15,30.7,9.2,34.5,5.17,2,11.5,28,0,-112.86009
San Francisquito 4,28.43884,112.86009,21-Aug-15,30.7,9.2,34.5,5.17,3,12.1,27,0,-112.86009
San Francisquito 4,28.43884,112.86009,21-Aug-15,30.7,9.2,34.5,5.17,4,6.3,28,0,-112.86009
San Francisquito 4,28.43884,112.86009,21-Aug-15,30.7,9.2,34.5,5.17,5,6.2,28,0.04,-112.86009
San Francisquito 4,28.43884,112.86009,21-Aug-15,30.7,9.2,34.5,5.17,6,6.9,28,0.04,-112.86009
La Mancha,28.32143,112.87096,21-Aug-15,35,8.6,34,5.69,1,5.1,27,0,-112.87096
La Mancha,28.32143,112.87096,21-Aug-15,35,8.6,34,5.69,2,4.9,29,0,-112.87096
La Mancha,28.32143,112.87096,21-Aug-15,35,8.6,34,5.69,3,5.3,29,0,-112.87096
La Mancha,28.32143,112.87096,21-Aug-15,35,8.6,34,5.69,4,5.8,28,0.02,-112.87096
La Mancha,28.32143,112.87096,21-Aug-15,35,8.6,34,5.69,5,5.7,28,0.02,-112.87096
La Mancha,28.32143,112.87096,21-Aug-15,35,8.6,34,5.69,6,5.3,28,0.02,-112.87096
San Francisquito 6,28.43316,112.86488,21-Aug-15,30.8,3.9,34.5,5.09,1,12.4,27,0.04,-112.86488
San Francisquito 6,28.43316,112.86488,21-Aug-15,30.8,3.9,34.5,5.09,2,10.9,26,0.08,-112.86488
San Francisquito 6,28.43316,112.86488,21-Aug-15,30.8,3.9,34.5,5.09,3,9.4,26,0,-112.86488
San Francisquito 6,28.43316,112.86488,21-Aug-15,30.8,3.9,34.5,5.09,4,5.9,27,0.16,-112.86488
San Francisquito 6,28.43316,112.86488,21-Aug-15,30.8,3.9,34.5,5.09,5,7.5,28,0.06,-112.86488
San Francisquito 6,28.43316,112.86488,21-Aug-15,30.8,3.9,34.5,5.09,6,7.7,28,0.04,-112.86488
San Francisquito 4,28.43884,112.86009,21-Aug-15,30.7,9.2,34.5,5.17,1,10.3,29,0.02,-112.86009
San Francisquito 4,28.43884,112.86009,21-Aug-15,30.7,9.2,34.5,5.17,2,11.5,28,0,-112.86009
San Francisquito 4,28.43884,112.86009,21-Aug-15,30.7,9.2,34.5,5.17,3,12.1,27,0,-112.86009
San Francisquito 4,28.43884,112.86009,21-Aug-15,30.7,9.2,34.5,5.17,4,6.3,28,0,-112.86009
San Francisquito 4,28.43884,112.86009,21-Aug-15,30.7,9.2,34.5,5.17,5,6.2,28,0.04,-112.86009
San Francisquito 4,28.43884,112.86009,21-Aug-15,30.7,9.2,34.5,5.17,6,6.9,28,0.04,-112.86009
San Francisquito M1,28.42916,112.8641,22-Aug-15,32.4,2,34.5,4.68,1,2.2,30,0,-112.8641
San Francisquito M1,28.42916,112.8641,22-Aug-15,32.4,2,34.5,4.68,2,2.3,29,0.08,-112.8641
San Francisquito M1,28.42916,112.8641,22-Aug-15,32.4,2,34.5,4.68,3,2,27,0.06,-112.8641
San Francisquito M1,28.42916,112.8641,22-Aug-15,32.4,2,34.5,4.68,4,2.3,28,0.02,-112.8641
San Francisquito M1,28.42916,112.8641,22-Aug-15,32.4,2,34.5,4.68,5,2.1,28,0.08,-112.8641
San Francisquito M1,28.42916,112.8641,22-Aug-15,32.4,2,34.5,4.68,6,2,27,0.24,-112.8641
San Francisquito M2,28.4293,112.8672,22-Aug-15,30.2,7.6,34.5,5.09,1,1.9,29,0.58,-112.8672
San Francisquito M2,28.4293,112.8672,22-Aug-15,30.2,7.6,34.5,5.09,2,1.7,29,0.58,-112.8672
San Francisquito M2,28.4293,112.8672,22-Aug-15,30.2,7.6,34.5,5.09,3,1.3,29,0.58,-112.8672
San Francisquito M2,28.4293,112.8672,22-Aug-15,30.2,7.6,34.5,5.09,4,1.7,28,0.56,-112.8672
San Francisquito M2,28.4293,112.8672,22-Aug-15,30.2,7.6,34.5,5.09,5,1.5,28,0,-112.8672
San Francisquito M2,28.4293,112.8672,22-Aug-15,30.2,7.6,34.5,5.09,6,1,28,0.02,-112.8672
San Francisquito M1,28.42916,112.8641,22-Aug-15,32.4,2,34.5,4.68,1,2.2,30,0,-112.8641
San Francisquito M1,28.42916,112.8641,22-Aug-15,32.4,2,34.5,4.68,2,2.3,29,0.08,-112.8641
San Francisquito M1,28.42916,112.8641,22-Aug-15,32.4,2,34.5,4.68,3,2,27,0.06,-112.8641
San Francisquito M1,28.42916,112.8641,22-Aug-15,32.4,2,34.5,4.68,4,2.3,28,0.02,-112.8641
San Francisquito M1,28.42916,112.8641,22-Aug-15,32.4,2,34.5,4.68,5,2.1,28,0.08,-112.8641
San Francisquito M1,28.42916,112.8641,22-Aug-15,32.4,2,34.5,4.68,6,2,27,0.24,-112.8641
San Francisquito M2,28.4293,112.8672,22-Aug-15,30.2,7.6,34.5,5.09,1,1.9,29,0.58,-112.8672
San Francisquito M2,28.4293,112.8672,22-Aug-15,30.2,7.6,34.5,5.09,2,1.7,29,0.58,-112.8672
San Francisquito M2,28.4293,112.8672,22-Aug-15,30.2,7.6,34.5,5.09,3,1.3,29,0.58,-112.8672
San Francisquito M2,28.4293,112.8672,22-Aug-15,30.2,7.6,34.5,5.09,4,1.7,28,0.56,-112.8672
San Francisquito M2,28.4293,112.8672,22-Aug-15,30.2,7.6,34.5,5.09,5,1.5,28,0,-112.8672
San Francisquito M2,28.4293,112.8672,22-Aug-15,30.2,7.6,34.5,5.09,6,1,28,0.02,-112.8672
Gonzaga 2,29.81454,114.37853,09-Sep-15,30.4,2.5,33.4,4.59,1,11.7,30,0.02,-114.37853
Gonzaga 2,29.81454,114.37853,09-Sep-15,30.4,2.5,33.4,4.59,2,10,30,0.02,-114.37853
Gonzaga 2,29.81454,114.37853,09-Sep-15,30.4,2.5,33.4,4.59,3,9.3,30,0.02,-114.37853
Gonzaga 2,29.81454,114.37853,09-Sep-15,30.4,2.5,33.4,4.59,4,11,30,0,-114.37853
Gonzaga 2,29.81454,114.37853,09-Sep-15,30.4,2.5,33.4,4.59,5,8,30,0.04,-114.37853
Gonzaga 2,29.81454,114.37853,09-Sep-15,30.4,2.5,33.4,4.59,6,5.6,30,0,-114.37853
Gonzaga 1,29.82205,114.38171,09-Sep-15,30.4,6.8,33.3,4.62,1,2.4,30,0,-114.38171
Gonzaga 1,29.82205,114.38171,09-Sep-15,30.4,6.8,33.3,4.62,2,2.1,30,0,-114.38171
Gonzaga 1,29.82205,114.38171,09-Sep-15,30.4,6.8,33.3,4.62,3,6.4,30,0,-114.38171
Gonzaga 1,29.82205,114.38171,09-Sep-15,30.4,6.8,33.3,4.62,4,8.4,30,0,-114.38171
Gonzaga 13,29.82324,114.38438,09-Sep-15,30.4,12.5,33.4,4.58,1,3.3,30,0.02,-114.38438
Gonzaga 13,29.82324,114.38438,09-Sep-15,30.4,12.5,33.4,4.58,2,3.2,30,0,-114.38438
Gonzaga 13,29.82324,114.38438,09-Sep-15,30.4,12.5,33.4,4.58,3,5.6,30,0,-114.38438
Gonzaga 13,29.82324,114.38438,09-Sep-15,30.4,12.5,33.4,4.58,4,8.9,30,0,-114.38438
Gonzaga 13,29.82324,114.38438,09-Sep-15,30.4,12.5,33.4,4.58,5,10,30,0.02,-114.38438
Gonzaga 13,29.82324,114.38438,09-Sep-15,30.4,12.5,33.4,4.58,6,9.1,30,0,-114.38438
Calamajue 5,29.73476,114.20097,10-Sep-15,29.7,7.1,33.6,4.24,1,14.5,30,0,-114.20097
Calamajue 5,29.73476,114.20097,10-Sep-15,29.7,7.1,33.6,4.24,2,13.5,30,0.02,-114.20097
Calamajue 5,29.73476,114.20097,10-Sep-15,29.7,7.1,33.6,4.24,3,15.2,30,0,-114.20097
Calamajue 5,29.73476,114.20097,10-Sep-15,29.7,7.1,33.6,4.24,4,8.2,30,0,-114.20097
Calamajue 5,29.73476,114.20097,10-Sep-15,29.7,7.1,33.6,4.24,5,7.2,30,0.06,-114.20097
Calamajue 5,29.73476,114.20097,10-Sep-15,29.7,7.1,33.6,4.24,6,7.7,30,0,-114.20097
Calamajue 3,29.74641,114.21696,10-Sep-15,30,6.2,33.7,4.43,1,11.5,30,0,-114.21696
Calamajue 3,29.74641,114.21696,10-Sep-15,30,6.2,33.7,4.43,2,10.9,30,0,-114.21696
Calamajue 3,29.74641,114.21696,10-Sep-15,30,6.2,33.7,4.43,3,8.7,30,0,-114.21696
Calamajue 3,29.74641,114.21696,10-Sep-15,30,6.2,33.7,4.43,4,4.2,30,0,-114.21696
Calamajue 3,29.74641,114.21696,10-Sep-15,30,6.2,33.7,4.43,5,4.4,30,0.02,-114.21696
Calamajue 3,29.74641,114.21696,10-Sep-15,30,6.2,33.7,4.43,6,4.2,30,0.04,-114.21696
Calamajue 11,29.76917,114.2648,10-Sep-15,30.1,1.6,33.7,4.48,1,10,30,0.02,-114.2648
Calamajue 11,29.76917,114.2648,10-Sep-15,30.1,1.6,33.7,4.48,2,9,30,0,-114.2648
Calamajue 11,29.76917,114.2648,10-Sep-15,30.1,1.6,33.7,4.48,3,9,30,0,-114.2648
Calamajue 11,29.76917,114.2648,10-Sep-15,30.1,1.6,33.7,4.48,4,3.6,30,0,-114.2648
Calamajue 11,29.76917,114.2648,10-Sep-15,30.1,1.6,33.7,4.48,5,3.9,30,0,-114.2648
Calamajue 11,29.76917,114.2648,10-Sep-15,30.1,1.6,33.7,4.48,6,3.7,31,0,-114.2648
Gonzaga 14,29.76535,114.34916,11-Sep-15,30.4,7.8,33.7,4.37,1,3.5,31,0.02,-114.34916
Gonzaga 14,29.76535,114.34916,11-Sep-15,30.4,7.8,33.7,4.37,2,2.9,31,0,-114.34916
Gonzaga 14,29.76535,114.34916,11-Sep-15,30.4,7.8,33.7,4.37,3,3.7,31,0.08,-114.34916
Gonzaga 14,29.76535,114.34916,11-Sep-15,30.4,7.8,33.7,4.37,4,4.4,31,0.14,-114.34916
Gonzaga 14,29.76535,114.34916,11-Sep-15,30.4,7.8,33.7,4.37,5,5.2,31,0.02,-114.34916
Gonzaga 14,29.76535,114.34916,11-Sep-15,30.4,7.8,33.7,4.37,6,6.6,31,0.02,-114.34916
Gonzaga 11,29.76738,114.29111,11-Sep-15,30.3,3.8,33.8,4.77,1,4.1,31,0,-114.29111
Gonzaga 11,29.76738,114.29111,11-Sep-15,30.3,3.8,33.8,4.77,2,5.4,31,0,-114.29111
Gonzaga 11,29.76738,114.29111,11-Sep-15,30.3,3.8,33.8,4.77,3,3.9,31,0.02,-114.29111
Gonzaga 11,29.76738,114.29111,11-Sep-15,30.3,3.8,33.8,4.77,4,4.1,31,0.02,-114.29111
Gonzaga 11,29.76738,114.29111,11-Sep-15,30.3,3.8,33.8,4.77,5,4.8,31,0,-114.29111
Gonzaga 11,29.76738,114.29111,11-Sep-15,30.3,3.8,33.8,4.77,6,6.2,31,0.04,-114.29111
Gonzaga 9,29.77292,114.3603,11-Sep-15,30.3,4.1,33.7,4.18,1,3.9,31,0,-114.3603
Gonzaga 9,29.77292,114.3603,11-Sep-15,30.3,4.1,33.7,4.18,2,3.1,31,0,-114.3603
Gonzaga 9,29.77292,114.3603,11-Sep-15,30.3,4.1,33.7,4.18,3,5.6,31,0.02,-114.3603
Gonzaga 9,29.77292,114.3603,11-Sep-15,30.3,4.1,33.7,4.18,4,7.8,31,0.02,-114.3603
Gonzaga 9,29.77292,114.3603,11-Sep-15,30.3,4.1,33.7,4.18,5,5.8,31,0.04,-114.3603
Gonzaga 9,29.77292,114.3603,11-Sep-15,30.3,4.1,33.7,4.18,6,7.5,31,0.02,-114.3603
Gonzaga Hotel,29.77267,114.36703,12-Sep-15,30.5,2.7,34.1,4.73,1,1.2,31,0,-114.36703
Gonzaga Hotel,29.77267,114.36703,12-Sep-15,30.5,2.7,34.1,4.73,2,1.3,31,0,-114.36703
Gonzaga Hotel,29.77267,114.36703,12-Sep-15,30.5,2.7,34.1,4.73,3,1.2,31,0,-114.36703
Gonzaga Hotel,29.77267,114.36703,12-Sep-15,30.5,2.7,34.1,4.73,4,2.2,31,0,-114.36703
Gonzaga Hotel,29.77267,114.36703,12-Sep-15,30.5,2.7,34.1,4.73,5,2.5,31,0,-114.36703
Gonzaga Hotel,29.77267,114.36703,12-Sep-15,30.5,2.7,34.1,4.73,6,3.2,31,0,-114.36703
Gonzaga 8,29.80502,114.37205,12-Sep-15,30.1,0,33.9,3.69,1,2.7,31,0,-114.37205
Gonzaga 8,29.80502,114.37205,12-Sep-15,30.1,0,33.9,3.69,2,6.8,31,0,-114.37205
Gonzaga 8,29.80502,114.37205,12-Sep-15,30.1,0,33.9,3.69,3,5.5,31,0,-114.37205
Gonzaga 8,29.80502,114.37205,12-Sep-15,30.1,0,33.9,3.69,4,3,31,0.02,-114.37205
Gonzaga 8,29.80502,114.37205,12-Sep-15,30.1,0,33.9,3.69,5,7.3,31,0,-114.37205
Gonzaga 8,29.80502,114.37205,12-Sep-15,30.1,0,33.9,3.69,6,6.5,31,0,-114.37205
Gonzaga 4,29.80951,114.38576,12-Sep-15,30.4,3.2,33.8,4.66,1,2.5,31,0.02,-114.38576
Gonzaga 4,29.80951,114.38576,12-Sep-15,30.4,3.2,33.8,4.66,2,3.9,31,0,-114.38576
Gonzaga 4,29.80951,114.38576,12-Sep-15,30.4,3.2,33.8,4.66,3,2.9,31,0,-114.38576
Gonzaga 4,29.80951,114.38576,12-Sep-15,30.4,3.2,33.8,4.66,4,5.2,31,0,-114.38576
Gonzaga 4,29.80951,114.38576,12-Sep-15,30.4,3.2,33.8,4.66,5,2.6,31,0,-114.38576
Gonzaga 4,29.80951,114.38576,12-Sep-15,30.4,3.2,33.8,4.66,6,2.9,31,0,-114.38576
